transaction_id,customer_id,receiver_id, amount ,transaction_date,transaction_time,device_type,status,is_fraud,day_type
TXN00001,CUST0155,RECV0071,620.29,10-02-2026,08:05:23,IOS,SUCCESSFUL,0,Weekday
TXN00002,CUST0085,RECV0079,6097.33,14-01-2026,13:41:05,ANDROID,SUCCESSFUL,0,Weekday
TXN00003,CUST0110,RECV0012,1150.04,03-05-2026,14:00:00,WEB,SUCCESSFUL,0,Weekend
TXN00004,CUST0217,RECV0087,5659.69,27-06-2026,03:20:23,ANDROID,SUCCESSFUL,1,Weekend
TXN00005,CUST0196,RECV0037,439.06,04-02-2026,00:39:41,WEB,SUCCESSFUL,0,Weekday
TXN00006,CUST0110,RECV0106,1003.87,10-06-2026,06:05:57,IOS,SUCCESSFUL,0,Weekday
TXN00007,CUST0197,RECV0081,2214.23,31-03-2026,08:41:05,ANDROID,SUCCESSFUL,0,Weekday
TXN00008,CUST0146,RECV0026,318.04,26-06-2026,16:38:32,ANDROID,SUCCESSFUL,0,Weekday
TXN00009,CUST0152,RECV0148,306.36,15-06-2026,07:31:40,ANDROID,SUCCESSFUL,0,Weekday
TXN00010,CUST0007,RECV0034,6334.23,03-04-2026,13:23:34,WEB,SUCCESSFUL,0,Weekday
TXN00011,CUST0038,RECV0004,2306.92,05-01-2026,01:50:25,ANDROID,SUCCESSFUL,0,Weekday
TXN00012,CUST0257,RECV0103,125.48,17-04-2026,17:39:09,WEB,SUCCESSFUL,0,Weekday
TXN00013,CUST0041,RECV0040,965.95,11-05-2026,18:40:48,IOS,SUCCESSFUL,0,Weekday
TXN00014,CUST0034,RECV0062,1794.46,21-03-2026,03:29:39,IOS,SUCCESSFUL,1,Weekend
TXN00015,CUST0090,RECV0141,2502.94,31-01-2026,15:22:33,ANDROID,SUCCESSFUL,0,Weekend
TXN00016,CUST0133,RECV0069,569.89,12-02-2026,00:21:51,ANDROID,SUCCESSFUL,0,Weekday
TXN00017,CUST0033,RECV0148,416.75,09-03-2026,14:32:23,IOS,SUCCESSFUL,0,Weekday
TXN00018,CUST0086,RECV0087,201.8,05-04-2026,23:07:14,WEB,SUCCESSFUL,0,Weekend
TXN00019,CUST0023,RECV0088,1056.5,04-01-2026,05:59:54,ANDROID,FAILED,0,Weekend
TXN00020,CUST0215,RECV0125,2149.44,27-02-2026,08:52:04,IOS,SUCCESSFUL,0,Weekday
TXN00021,CUST0258,RECV0046,157.92,22-06-2026,01:25:04,WEB,SUCCESSFUL,0,Weekday
TXN00022,CUST0160,RECV0088,8540.3,25-03-2026,09:47:39,WEB,SUCCESSFUL,1,Weekday
TXN00023,CUST0253,RECV0140,1101.25,20-02-2026,04:00:59,ANDROID,SUCCESSFUL,0,Weekday
TXN00024,CUST0178,RECV0003,543.48,12-06-2026,21:24:54,ANDROID,SUCCESSFUL,0,Weekday
TXN00025,CUST0054,RECV0061,227.44,22-02-2026,04:45:17,ANDROID,SUCCESSFUL,0,Weekend
TXN00026,CUST0212,RECV0118,413.51,29-06-2026,18:06:32,ANDROID,SUCCESSFUL,0,Weekday
TXN00027,CUST0039,RECV0112,4959.4,01-06-2026,07:18:16,ANDROID,SUCCESSFUL,0,Weekday
TXN00028,CUST0168,RECV0060,1880.35,23-03-2026,04:49:49,ANDROID,SUCCESSFUL,0,Weekday
TXN00029,CUST0055,RECV0081,1358.8,12-02-2026,11:49:13,WEB,SUCCESSFUL,0,Weekday
TXN00030,CUST0136,RECV0026,5750.83,31-01-2026,01:13:53,WEB,SUCCESSFUL,1,Weekend
TXN00031,CUST0047,RECV0102,1079.82,05-03-2026,09:16:52,WEB,SUCCESSFUL,0,Weekday
TXN00032,CUST0208,RECV0141,5834.92,26-04-2026,03:00:03,ANDROID,SUCCESSFUL,1,Weekend
TXN00033,CUST0067,RECV0096,138.01,20-02-2026,02:37:37,WEB,SUCCESSFUL,0,Weekday
TXN00034,CUST0012,RECV0026,1552.63,17-01-2026,02:57:54,ANDROID,SUCCESSFUL,0,Weekend
TXN00035,CUST0063,RECV0013,955.69,11-01-2026,12:31:01,WEB,SUCCESSFUL,1,Weekend
TXN00036,CUST0089,RECV0141,280.44,01-04-2026,04:02:39,IOS,SUCCESSFUL,0,Weekday
TXN00037,CUST0152,RECV0141,803.06,08-05-2026,08:24:08,ANDROID,SUCCESSFUL,0,Weekday
TXN00038,CUST0128,RECV0140,223.32,11-06-2026,22:22:30,IOS,SUCCESSFUL,0,Weekday
TXN00039,CUST0177,RECV0100,228,25-05-2026,10:38:14,ANDROID,FAILED,0,Weekday
TXN00040,CUST0030,RECV0150,721.61,01-05-2026,03:15:42,ANDROID,SUCCESSFUL,0,Weekday
TXN00041,CUST0029,RECV0100,7048.12,26-02-2026,05:15:37,ANDROID,SUCCESSFUL,0,Weekday
TXN00042,CUST0159,RECV0024,219.4,14-02-2026,16:30:00,ANDROID,SUCCESSFUL,1,Weekend
TXN00043,CUST0104,RECV0141,2644.22,03-02-2026,01:01:09,IOS,SUCCESSFUL,0,Weekday
TXN00044,CUST0057,RECV0019,3010.31,15-05-2026,12:37:06,WEB,SUCCESSFUL,0,Weekday
TXN00045,CUST0070,RECV0112,815.2,10-02-2026,20:20:11,IOS,SUCCESSFUL,0,Weekday
TXN00046,CUST0183,RECV0045,1174.78,27-02-2026,22:18:08,WEB,SUCCESSFUL,0,Weekday
TXN00047,CUST0201,RECV0012,1938.52,26-05-2026,07:40:36,WEB,SUCCESSFUL,0,Weekday
TXN00048,CUST0073,RECV0061,138.65,26-03-2026,05:40:56,IOS,SUCCESSFUL,0,Weekday
TXN00049,CUST0172,RECV0148,5411.82,25-04-2026,11:16:50,ANDROID,SUCCESSFUL,0,Weekend
TXN00050,CUST0025,RECV0108,3969.58,09-04-2026,15:56:24,IOS,SUCCESSFUL,0,Weekday
TXN00051,CUST0052,RECV0148,594.16,03-05-2026,07:10:28,WEB,SUCCESSFUL,0,Weekend
TXN00052,CUST0151,RECV0087,143.09,06-01-2026,05:46:04,IOS,SUCCESSFUL,1,Weekday
TXN00053,CUST0174,RECV0124,4927.27,02-06-2026,20:10:38,IOS,SUCCESSFUL,0,Weekday
TXN00054,CUST0028,RECV0148,1301.41,26-01-2026,23:59:46,WEB,SUCCESSFUL,0,Weekday
TXN00055,CUST0145,RECV0073,1445.32,18-03-2026,15:09:03,WEB,SUCCESSFUL,0,Weekday
TXN00056,CUST0045,RECV0123,2123.42,17-03-2026,06:10:40,ANDROID,SUCCESSFUL,0,Weekday
TXN00057,CUST0243,RECV0125,1772.11,30-01-2026,08:05:41,WEB,SUCCESSFUL,0,Weekday
TXN00058,CUST0050,RECV0139,5246.43,22-01-2026,07:35:03,WEB,SUCCESSFUL,0,Weekday
TXN00059,CUST0215,RECV0122,3684.03,18-05-2026,15:19:05,ANDROID,SUCCESSFUL,0,Weekday
TXN00060,CUST0018,RECV0133,1871.08,09-05-2026,19:09:07,WEB,SUCCESSFUL,0,Weekend
TXN00061,CUST0089,RECV0050,2955.55,12-02-2026,02:43:27,IOS,SUCCESSFUL,0,Weekday
TXN00062,CUST0076,RECV0118,2085.12,02-06-2026,02:24:35,ANDROID,SUCCESSFUL,0,Weekday
TXN00063,CUST0142,RECV0004,1583.3,14-05-2026,18:33:50,WEB,SUCCESSFUL,0,Weekday
TXN00064,CUST0077,RECV0150,297.57,07-02-2026,03:36:49,ANDROID,SUCCESSFUL,0,Weekend
TXN00065,CUST0177,RECV0026,3050.76,16-04-2026,15:02:11,WEB,SUCCESSFUL,0,Weekday
TXN00066,CUST0206,RECV0085,3143.04,10-01-2026,23:30:58,ANDROID,SUCCESSFUL,0,Weekend
TXN00067,CUST0011,RECV0078,1820.01,28-03-2026,22:43:06,IOS,SUCCESSFUL,0,Weekend
TXN00068,CUST0069,RECV0114,3140.91,18-03-2026,08:46:26,IOS,SUCCESSFUL,0,Weekday
TXN00069,CUST0097,RECV0125,1947.33,24-04-2026,11:52:03,WEB,SUCCESSFUL,0,Weekday
TXN00070,CUST0034,RECV0104,466.76,21-03-2026,18:01:11,WEB,SUCCESSFUL,0,Weekend
TXN00071,CUST0030,RECV0073,626.27,05-03-2026,06:17:23,WEB,SUCCESSFUL,0,Weekday
TXN00072,CUST0204,RECV0008,484.79,12-06-2026,19:28:11,IOS,SUCCESSFUL,0,Weekday
TXN00073,CUST0180,RECV0034,902.52,30-03-2026,02:18:01,WEB,SUCCESSFUL,0,Weekday
TXN00074,CUST0110,RECV0053,121.54,26-02-2026,16:01:55,IOS,SUCCESSFUL,0,Weekday
TXN00075,CUST0005,RECV0045,1783.4,02-05-2026,07:16:38,ANDROID,SUCCESSFUL,0,Weekend
TXN00076,CUST0141,RECV0090,788.55,19-04-2026,14:19:43,ANDROID,SUCCESSFUL,0,Weekend
TXN00077,CUST0204,RECV0013,1969.35,30-05-2026,17:41:38,IOS,SUCCESSFUL,0,Weekend
TXN00078,CUST0056,RECV0034,926.2,04-05-2026,08:41:45,IOS,SUCCESSFUL,0,Weekday
TXN00079,CUST0153,RECV0148,2110.08,18-02-2026,12:42:20,WEB,SUCCESSFUL,0,Weekday
TXN00080,CUST0014,RECV0076,799.63,17-06-2026,12:24:47,IOS,FAILED,0,Weekday
TXN00081,CUST0098,RECV0057,593.68,29-03-2026,15:58:42,WEB,SUCCESSFUL,0,Weekend
TXN00082,CUST0088,RECV0047,1283.46,18-06-2026,04:47:16,IOS,SUCCESSFUL,0,Weekday
TXN00083,CUST0094,RECV0023,2174.99,24-06-2026,23:55:19,ANDROID,SUCCESSFUL,0,Weekday
TXN00084,CUST0191,RECV0119,820.81,08-03-2026,01:55:40,IOS,SUCCESSFUL,0,Weekend
TXN00085,CUST0037,RECV0129,14353.59,01-05-2026,09:26:03,WEB,SUCCESSFUL,1,Weekday
TXN00086,CUST0071,RECV0012,121.95,21-02-2026,04:20:55,IOS,SUCCESSFUL,0,Weekend
TXN00087,CUST0250,RECV0046,1024.15,27-03-2026,00:28:17,ANDROID,SUCCESSFUL,0,Weekday
TXN00088,CUST0082,RECV0023,6222.19,06-05-2026,20:27:25,IOS,SUCCESSFUL,0,Weekday
TXN00089,CUST0197,RECV0148,1479.22,02-01-2026,10:48:53,ANDROID,SUCCESSFUL,0,Weekday
TXN00090,CUST0003,RECV0058,1041.31,10-06-2026,09:08:06,IOS,SUCCESSFUL,0,Weekday
TXN00091,CUST0157,RECV0073,1562.96,12-02-2026,14:46:33,IOS,SUCCESSFUL,0,Weekday
TXN00092,CUST0223,RECV0088,1594.12,25-06-2026,11:48:12,IOS,SUCCESSFUL,0,Weekday
TXN00093,CUST0010,RECV0141,3732.69,28-02-2026,05:07:23,WEB,SUCCESSFUL,1,Weekend
TXN00094,CUST0193,RECV0013,295.9,13-06-2026,01:42:06,WEB,SUCCESSFUL,0,Weekend
TXN00095,CUST0025,RECV0088,567.87,26-06-2026,08:30:44,WEB,SUCCESSFUL,0,Weekday
TXN00096,CUST0005,RECV0026,1613.83,19-03-2026,19:38:44,IOS,SUCCESSFUL,0,Weekday
TXN00097,CUST0061,RECV0087,3682.91,14-03-2026,06:49:16,WEB,SUCCESSFUL,0,Weekend
TXN00098,CUST0184,RECV0073,1535.42,15-04-2026,22:59:30,ANDROID,SUCCESSFUL,0,Weekday
TXN00099,CUST0007,RECV0087,540.67,21-06-2026,15:09:05,WEB,SUCCESSFUL,0,Weekend
TXN00100,CUST0052,RECV0117,2100.11,07-03-2026,08:29:03,IOS,SUCCESSFUL,0,Weekend
TXN00101,CUST0021,RECV0081,2474.1,16-03-2026,03:54:48,ANDROID,SUCCESSFUL,0,Weekday
TXN00102,CUST0071,RECV0085,539.81,19-06-2026,19:17:56,IOS,SUCCESSFUL,0,Weekday
TXN00103,CUST0176,RECV0125,903.88,16-02-2026,12:44:54,IOS,SUCCESSFUL,0,Weekday
TXN00104,CUST0086,RECV0118,4825.87,29-01-2026,03:26:58,ANDROID,SUCCESSFUL,1,Weekday
TXN00105,CUST0225,RECV0092,1285.33,16-02-2026,23:57:08,WEB,SUCCESSFUL,0,Weekday
TXN00106,CUST0058,RECV0017,938.61,16-04-2026,00:45:55,IOS,SUCCESSFUL,0,Weekday
TXN00107,CUST0115,RECV0133,685.94,21-06-2026,19:06:27,WEB,SUCCESSFUL,0,Weekend
TXN00108,CUST0247,RECV0099,239.62,30-03-2026,19:03:00,WEB,SUCCESSFUL,0,Weekday
TXN00109,CUST0259,RECV0043,369.86,01-05-2026,10:17:03,ANDROID,SUCCESSFUL,1,Weekday
TXN00110,CUST0194,RECV0021,5779.51,14-04-2026,14:05:54,WEB,SUCCESSFUL,0,Weekday
TXN00111,CUST0061,RECV0005,3430.86,08-05-2026,01:35:35,IOS,FAILED,0,Weekday
TXN00112,CUST0156,RECV0117,839.04,11-05-2026,01:52:14,IOS,SUCCESSFUL,0,Weekday
TXN00113,CUST0243,RECV0116,5705.48,18-06-2026,07:00:21,WEB,SUCCESSFUL,0,Weekday
TXN00114,CUST0150,RECV0028,3808.19,21-05-2026,22:47:46,ANDROID,SUCCESSFUL,1,Weekday
TXN00115,CUST0101,RECV0125,3891.73,18-02-2026,22:21:06,ANDROID,SUCCESSFUL,1,Weekday
TXN00116,CUST0064,RECV0130,1272.73,26-04-2026,00:33:47,IOS,FAILED,0,Weekend
TXN00117,CUST0248,RECV0046,206.52,11-05-2026,23:52:08,ANDROID,SUCCESSFUL,0,Weekday
TXN00118,CUST0165,RECV0108,223.13,10-05-2026,07:17:25,WEB,SUCCESSFUL,0,Weekend
TXN00119,CUST0232,RECV0012,1710.34,04-02-2026,16:19:53,WEB,SUCCESSFUL,0,Weekday
TXN00120,CUST0112,RECV0118,1502.19,21-02-2026,21:08:45,IOS,SUCCESSFUL,0,Weekend
TXN00121,CUST0258,RECV0083,480.53,19-05-2026,17:30:37,IOS,SUCCESSFUL,0,Weekday
TXN00122,CUST0214,RECV0137,5310.28,22-06-2026,00:33:06,IOS,FAILED,0,Weekday
TXN00123,CUST0028,RECV0034,2786.07,21-06-2026,09:43:16,ANDROID,SUCCESSFUL,0,Weekend
TXN00124,CUST0152,RECV0009,266.78,22-02-2026,03:39:55,IOS,SUCCESSFUL,0,Weekend
TXN00125,CUST0115,RECV0061,4860.72,15-06-2026,09:44:42,WEB,FAILED,0,Weekday
TXN00126,CUST0199,RECV0081,6636.65,17-04-2026,00:47:16,ANDROID,SUCCESSFUL,0,Weekday
TXN00127,CUST0116,RECV0095,9957.95,12-06-2026,23:38:12,WEB,SUCCESSFUL,0,Weekday
TXN00128,CUST0151,RECV0026,525.7,25-04-2026,16:07:24,WEB,FAILED,1,Weekend
TXN00129,CUST0136,RECV0034,5970.56,03-02-2026,01:09:59,ANDROID,SUCCESSFUL,1,Weekday
TXN00130,CUST0155,RECV0141,1471.05,06-05-2026,10:33:14,WEB,SUCCESSFUL,0,Weekday
TXN00131,CUST0035,RECV0013,2252.48,10-05-2026,11:14:56,ANDROID,SUCCESSFUL,0,Weekend
TXN00132,CUST0170,RECV0012,6282.69,03-04-2026,20:00:07,WEB,SUCCESSFUL,0,Weekday
TXN00133,CUST0124,RECV0063,2146.73,14-06-2026,10:24:58,WEB,SUCCESSFUL,0,Weekend
TXN00134,CUST0198,RECV0073,8398.85,07-03-2026,16:51:32,IOS,SUCCESSFUL,1,Weekend
TXN00135,CUST0152,RECV0013,6225.49,16-06-2026,17:00:40,WEB,SUCCESSFUL,1,Weekday
TXN00136,CUST0110,RECV0027,3331.64,25-06-2026,23:49:27,WEB,SUCCESSFUL,0,Weekday
TXN00137,CUST0079,RECV0085,1728.01,07-01-2026,08:35:04,ANDROID,SUCCESSFUL,1,Weekday
TXN00138,CUST0133,RECV0104,503.19,15-04-2026,12:43:07,ANDROID,SUCCESSFUL,0,Weekday
TXN00139,CUST0033,RECV0087,959.47,30-05-2026,03:18:50,WEB,SUCCESSFUL,0,Weekend
TXN00140,CUST0045,RECV0113,4054.41,14-03-2026,00:30:10,WEB,SUCCESSFUL,0,Weekend
TXN00141,CUST0201,RECV0026,957.31,20-05-2026,20:23:00,WEB,SUCCESSFUL,1,Weekday
TXN00142,CUST0073,RECV0012,1346.29,01-02-2026,17:05:19,WEB,SUCCESSFUL,0,Weekend
TXN00143,CUST0177,RECV0132,528.02,24-02-2026,07:39:53,ANDROID,SUCCESSFUL,0,Weekday
TXN00144,CUST0093,RECV0014,1617.1,21-06-2026,14:41:35,WEB,SUCCESSFUL,0,Weekend
TXN00145,CUST0035,RECV0118,3629.81,06-03-2026,11:08:42,IOS,SUCCESSFUL,0,Weekday
TXN00146,CUST0146,RECV0148,3871.88,08-06-2026,10:39:42,IOS,SUCCESSFUL,0,Weekday
TXN00147,CUST0079,RECV0081,536.15,25-05-2026,00:20:15,ANDROID,SUCCESSFUL,0,Weekday
TXN00148,CUST0224,RECV0035,4338.76,12-03-2026,15:29:28,IOS,SUCCESSFUL,0,Weekday
TXN00149,CUST0250,RECV0026,1663.19,22-05-2026,04:57:34,IOS,SUCCESSFUL,0,Weekday
TXN00150,CUST0040,RECV0130,826.01,20-01-2026,18:25:49,WEB,SUCCESSFUL,0,Weekday
TXN00151,CUST0134,RECV0139,2266.92,20-05-2026,11:25:14,ANDROID,SUCCESSFUL,0,Weekday
TXN00152,CUST0149,RECV0131,1232.85,04-02-2026,16:00:42,IOS,SUCCESSFUL,0,Weekday
TXN00153,CUST0085,RECV0141,3073.41,12-05-2026,04:47:46,WEB,SUCCESSFUL,1,Weekday
TXN00154,CUST0021,RECV0060,2247.92,26-02-2026,07:02:42,IOS,SUCCESSFUL,0,Weekday
TXN00155,CUST0199,RECV0012,1579.69,01-05-2026,22:33:40,ANDROID,SUCCESSFUL,1,Weekday
TXN00156,CUST0135,RECV0045,771.54,29-05-2026,11:37:41,IOS,SUCCESSFUL,0,Weekday
TXN00157,CUST0129,RECV0058,1075.93,07-04-2026,11:31:50,IOS,SUCCESSFUL,0,Weekday
TXN00158,CUST0004,RECV0113,953.95,09-05-2026,08:13:09,WEB,SUCCESSFUL,1,Weekend
TXN00159,CUST0061,RECV0145,985.16,19-06-2026,21:30:30,IOS,SUCCESSFUL,0,Weekday
TXN00160,CUST0211,RECV0141,1575.32,06-01-2026,04:40:32,ANDROID,FAILED,0,Weekday
TXN00161,CUST0076,RECV0141,2481.49,15-01-2026,19:36:40,IOS,FAILED,0,Weekday
TXN00162,CUST0146,RECV0012,2673.6,22-01-2026,05:14:53,IOS,SUCCESSFUL,0,Weekday
TXN00163,CUST0094,RECV0068,3164.76,09-06-2026,10:59:29,WEB,SUCCESSFUL,0,Weekday
TXN00164,CUST0118,RECV0028,6374.07,07-04-2026,21:26:52,WEB,SUCCESSFUL,1,Weekday
TXN00165,CUST0067,RECV0001,538.09,04-06-2026,20:27:33,WEB,SUCCESSFUL,0,Weekday
TXN00166,CUST0220,RECV0124,970.15,28-02-2026,11:37:51,IOS,SUCCESSFUL,0,Weekend
TXN00167,CUST0051,RECV0088,1219.17,19-04-2026,09:38:56,ANDROID,SUCCESSFUL,0,Weekend
TXN00168,CUST0097,RECV0002,205.75,02-01-2026,16:00:24,ANDROID,SUCCESSFUL,0,Weekday
TXN00169,CUST0162,RECV0040,1402.81,15-04-2026,08:16:54,WEB,SUCCESSFUL,0,Weekday
TXN00170,CUST0188,RECV0026,1081.93,06-06-2026,13:35:50,ANDROID,SUCCESSFUL,0,Weekend
TXN00171,CUST0190,RECV0065,2966.07,24-05-2026,11:49:45,WEB,SUCCESSFUL,0,Weekend
TXN00172,CUST0061,RECV0042,6911.97,28-02-2026,12:50:21,WEB,SUCCESSFUL,0,Weekend
TXN00173,CUST0027,RECV0002,1511.5,11-02-2026,15:59:38,ANDROID,SUCCESSFUL,0,Weekday
TXN00174,CUST0135,RECV0010,751.32,26-02-2026,19:41:33,IOS,SUCCESSFUL,0,Weekday
TXN00175,CUST0030,RECV0113,415.73,14-02-2026,09:12:02,WEB,SUCCESSFUL,1,Weekend
TXN00176,CUST0119,RECV0073,4703.94,07-06-2026,00:10:05,WEB,SUCCESSFUL,0,Weekend
TXN00177,CUST0181,RECV0052,4576.52,21-06-2026,22:04:58,WEB,SUCCESSFUL,0,Weekend
TXN00178,CUST0179,RECV0071,575.02,30-03-2026,14:59:25,ANDROID,SUCCESSFUL,0,Weekday
TXN00179,CUST0090,RECV0144,4573.47,15-04-2026,16:16:56,ANDROID,SUCCESSFUL,1,Weekday
TXN00180,CUST0129,RECV0097,191.18,27-06-2026,10:49:29,ANDROID,SUCCESSFUL,0,Weekend
TXN00181,CUST0015,RECV0087,377.2,04-05-2026,21:44:14,ANDROID,SUCCESSFUL,0,Weekday
TXN00182,CUST0181,RECV0068,489.88,13-05-2026,12:43:47,ANDROID,SUCCESSFUL,0,Weekday
TXN00183,CUST0092,RECV0148,677.91,02-05-2026,05:47:43,IOS,SUCCESSFUL,0,Weekend
TXN00184,CUST0256,RECV0148,9914.3,21-02-2026,07:12:53,ANDROID,SUCCESSFUL,0,Weekend
TXN00185,CUST0183,RECV0031,2198.8,09-02-2026,21:31:39,WEB,FAILED,0,Weekday
TXN00186,CUST0022,RECV0081,922.7,04-05-2026,08:31:11,WEB,SUCCESSFUL,0,Weekday
TXN00187,CUST0144,RECV0012,6263.27,12-04-2026,15:34:02,IOS,SUCCESSFUL,1,Weekend
TXN00188,CUST0090,RECV0133,4492.58,28-04-2026,00:00:43,WEB,SUCCESSFUL,0,Weekday
TXN00189,CUST0052,RECV0067,5786.51,25-03-2026,07:17:30,IOS,SUCCESSFUL,0,Weekday
TXN00190,CUST0188,RECV0054,157.29,17-02-2026,11:54:25,IOS,SUCCESSFUL,0,Weekday
TXN00191,CUST0077,RECV0046,253.21,02-05-2026,20:33:34,ANDROID,SUCCESSFUL,0,Weekend
TXN00192,CUST0154,RECV0146,1334.81,06-03-2026,01:13:52,ANDROID,SUCCESSFUL,1,Weekday
TXN00193,CUST0050,RECV0067,384.7,26-04-2026,17:59:51,WEB,SUCCESSFUL,0,Weekend
TXN00194,CUST0211,RECV0051,1923.54,01-02-2026,20:34:11,WEB,SUCCESSFUL,0,Weekend
TXN00195,CUST0182,RECV0125,934.63,25-03-2026,02:24:39,IOS,SUCCESSFUL,0,Weekday
TXN00196,CUST0075,RECV0087,519.04,12-02-2026,18:25:54,WEB,SUCCESSFUL,0,Weekday
TXN00197,CUST0083,RECV0145,606.49,29-03-2026,08:38:41,WEB,SUCCESSFUL,0,Weekend
TXN00198,CUST0186,RECV0116,854.29,31-05-2026,00:08:46,ANDROID,SUCCESSFUL,0,Weekend
TXN00199,CUST0041,RECV0087,1996.73,23-02-2026,17:03:01,IOS,SUCCESSFUL,1,Weekday
TXN00200,CUST0043,RECV0141,3823.06,27-01-2026,09:14:15,IOS,SUCCESSFUL,1,Weekday
TXN00201,CUST0065,RECV0044,308.52,03-02-2026,15:29:55,IOS,SUCCESSFUL,1,Weekday
TXN00202,CUST0228,RECV0139,640.72,04-02-2026,14:40:47,WEB,SUCCESSFUL,0,Weekday
TXN00203,CUST0223,RECV0137,1003.42,15-05-2026,15:34:14,IOS,SUCCESSFUL,0,Weekday
TXN00204,CUST0158,RECV0040,1711.89,04-04-2026,16:52:48,ANDROID,SUCCESSFUL,0,Weekend
TXN00205,CUST0147,RECV0126,618.84,01-05-2026,09:00:49,IOS,SUCCESSFUL,0,Weekday
TXN00206,CUST0119,RECV0049,307.27,02-01-2026,13:25:15,WEB,SUCCESSFUL,0,Weekday
TXN00207,CUST0200,RECV0087,192.67,07-04-2026,16:48:51,ANDROID,SUCCESSFUL,0,Weekday
TXN00208,CUST0140,RECV0137,5130.17,14-03-2026,06:54:04,IOS,SUCCESSFUL,0,Weekend
TXN00209,CUST0057,RECV0116,1020.11,13-06-2026,15:12:20,WEB,FAILED,0,Weekend
TXN00210,CUST0012,RECV0073,1616.49,17-02-2026,14:46:00,WEB,SUCCESSFUL,0,Weekday
TXN00211,CUST0008,RECV0125,4577.88,07-05-2026,11:29:44,IOS,SUCCESSFUL,0,Weekday
TXN00212,CUST0042,RECV0125,501.41,07-02-2026,08:52:24,ANDROID,SUCCESSFUL,1,Weekend
TXN00213,CUST0128,RECV0114,3817.08,09-04-2026,06:29:47,ANDROID,SUCCESSFUL,0,Weekday
TXN00214,CUST0107,RECV0080,1493.68,02-05-2026,20:46:02,ANDROID,SUCCESSFUL,0,Weekend
TXN00215,CUST0063,RECV0077,374.23,06-03-2026,21:13:07,ANDROID,SUCCESSFUL,0,Weekday
TXN00216,CUST0167,RECV0034,1003.57,04-01-2026,07:00:02,IOS,SUCCESSFUL,0,Weekend
TXN00217,CUST0031,RECV0040,1228.35,16-01-2026,04:31:14,ANDROID,SUCCESSFUL,0,Weekday
TXN00218,CUST0178,RECV0006,7644.13,23-04-2026,23:08:16,IOS,SUCCESSFUL,0,Weekday
TXN00219,CUST0141,RECV0142,2542.3,03-06-2026,04:28:18,WEB,SUCCESSFUL,0,Weekday
TXN00220,CUST0188,RECV0026,948.58,27-04-2026,05:56:01,WEB,SUCCESSFUL,0,Weekday
TXN00221,CUST0123,RECV0138,3230.69,24-03-2026,16:43:31,ANDROID,SUCCESSFUL,0,Weekday
TXN00222,CUST0145,RECV0083,3985.91,24-03-2026,01:53:08,ANDROID,SUCCESSFUL,1,Weekday
TXN00223,CUST0104,RECV0026,467.93,28-01-2026,21:31:33,IOS,SUCCESSFUL,1,Weekday
TXN00224,CUST0132,RECV0019,392.79,13-01-2026,15:59:56,WEB,SUCCESSFUL,1,Weekday
TXN00225,CUST0032,RECV0107,308.66,03-04-2026,01:52:39,WEB,SUCCESSFUL,0,Weekday
TXN00226,CUST0037,RECV0148,74.78,19-03-2026,03:46:14,ANDROID,SUCCESSFUL,0,Weekday
TXN00227,CUST0099,RECV0146,191.03,15-05-2026,17:47:35,ANDROID,SUCCESSFUL,0,Weekday
TXN00228,CUST0184,RECV0110,2168.11,22-06-2026,05:35:25,ANDROID,SUCCESSFUL,0,Weekday
TXN00229,CUST0081,RECV0114,1425.76,17-05-2026,17:20:54,IOS,SUCCESSFUL,0,Weekend
TXN00230,CUST0221,RECV0145,2544.69,24-03-2026,17:59:47,IOS,SUCCESSFUL,0,Weekday
TXN00231,CUST0230,RECV0073,4448.76,12-04-2026,00:33:08,WEB,SUCCESSFUL,0,Weekend
TXN00232,CUST0004,RECV0055,1633.71,18-03-2026,22:52:17,ANDROID,SUCCESSFUL,0,Weekday
TXN00233,CUST0080,RECV0145,4833.62,25-01-2026,07:14:16,WEB,SUCCESSFUL,1,Weekend
TXN00234,CUST0205,RECV0020,2597.05,26-05-2026,05:31:52,IOS,SUCCESSFUL,0,Weekday
TXN00235,CUST0049,RECV0010,904.23,02-06-2026,12:05:49,WEB,SUCCESSFUL,0,Weekday
TXN00236,CUST0179,RECV0031,546.56,22-04-2026,23:41:54,ANDROID,SUCCESSFUL,0,Weekday
TXN00237,CUST0196,RECV0073,463.05,14-01-2026,04:20:32,WEB,SUCCESSFUL,0,Weekday
TXN00238,CUST0026,RECV0101,571.29,22-06-2026,18:32:05,WEB,SUCCESSFUL,0,Weekday
TXN00239,CUST0202,RECV0087,628.18,07-02-2026,01:35:25,WEB,SUCCESSFUL,0,Weekend
TXN00240,CUST0257,RECV0034,467.99,22-04-2026,17:12:31,IOS,SUCCESSFUL,0,Weekday
TXN00241,CUST0101,RECV0135,3839.98,24-05-2026,08:49:27,ANDROID,SUCCESSFUL,0,Weekend
TXN00242,CUST0046,RECV0109,2596.44,29-01-2026,10:22:38,ANDROID,SUCCESSFUL,0,Weekday
TXN00243,CUST0087,RECV0114,136.46,31-03-2026,01:59:52,IOS,SUCCESSFUL,0,Weekday
TXN00244,CUST0192,RECV0022,613.21,09-02-2026,07:39:59,ANDROID,SUCCESSFUL,0,Weekday
TXN00245,CUST0008,RECV0029,90.38,29-03-2026,00:21:13,IOS,SUCCESSFUL,0,Weekend
TXN00246,CUST0105,RECV0067,1291.07,20-05-2026,23:09:44,WEB,SUCCESSFUL,0,Weekday
TXN00247,CUST0193,RECV0135,2234.54,30-05-2026,06:50:44,IOS,SUCCESSFUL,1,Weekend
TXN00248,CUST0239,RECV0018,3254.1,17-06-2026,21:54:58,IOS,SUCCESSFUL,0,Weekday
TXN00249,CUST0010,RECV0099,712.13,16-03-2026,16:45:06,IOS,SUCCESSFUL,0,Weekday
TXN00250,CUST0046,RECV0088,3100.85,17-02-2026,00:02:15,WEB,SUCCESSFUL,0,Weekday
TXN00251,CUST0171,RECV0041,17912.14,06-05-2026,20:19:15,IOS,SUCCESSFUL,1,Weekday
TXN00252,CUST0142,RECV0100,216.61,16-01-2026,17:17:14,ANDROID,SUCCESSFUL,0,Weekday
TXN00253,CUST0071,RECV0134,2874.82,23-01-2026,20:43:14,WEB,SUCCESSFUL,0,Weekday
TXN00254,CUST0079,RECV0085,1654.68,20-04-2026,06:41:08,ANDROID,SUCCESSFUL,0,Weekday
TXN00255,CUST0104,RECV0118,1227.23,05-02-2026,13:58:49,ANDROID,SUCCESSFUL,0,Weekday
TXN00256,CUST0081,RECV0013,1032.17,23-03-2026,05:20:53,ANDROID,SUCCESSFUL,0,Weekday
TXN00257,CUST0016,RECV0106,2814.04,23-03-2026,14:47:59,IOS,SUCCESSFUL,0,Weekday
TXN00258,CUST0141,RECV0028,2927.48,08-02-2026,19:17:38,WEB,SUCCESSFUL,1,Weekend
TXN00259,CUST0119,RECV0092,9157.45,01-03-2026,16:54:38,ANDROID,SUCCESSFUL,1,Weekend
TXN00260,CUST0192,RECV0126,4252.29,17-02-2026,06:14:02,ANDROID,SUCCESSFUL,0,Weekday
TXN00261,CUST0139,RECV0026,1778.74,16-04-2026,02:11:59,ANDROID,SUCCESSFUL,0,Weekday
TXN00262,CUST0251,RECV0088,7133.78,26-06-2026,12:49:02,IOS,SUCCESSFUL,0,Weekday
TXN00263,CUST0161,RECV0147,1736.09,11-04-2026,20:56:45,WEB,SUCCESSFUL,0,Weekend
TXN00264,CUST0056,RECV0011,1872.27,26-04-2026,16:34:25,ANDROID,SUCCESSFUL,0,Weekend
TXN00265,CUST0237,RECV0014,221.74,12-02-2026,14:53:41,ANDROID,SUCCESSFUL,0,Weekday
TXN00266,CUST0257,RECV0012,2382.94,29-01-2026,17:08:25,WEB,SUCCESSFUL,0,Weekday
TXN00267,CUST0013,RECV0052,1477.13,15-02-2026,08:20:44,ANDROID,SUCCESSFUL,0,Weekend
TXN00268,CUST0084,RECV0118,1129.09,01-02-2026,02:33:45,IOS,SUCCESSFUL,0,Weekend
TXN00269,CUST0082,RECV0012,4393.75,07-04-2026,18:55:42,IOS,SUCCESSFUL,0,Weekday
TXN00270,CUST0075,RECV0014,686.78,15-02-2026,23:49:28,IOS,SUCCESSFUL,0,Weekend
TXN00271,CUST0061,RECV0001,1384.7,03-02-2026,00:29:31,IOS,SUCCESSFUL,0,Weekday
TXN00272,CUST0003,RECV0061,2203.06,05-06-2026,15:29:26,WEB,SUCCESSFUL,0,Weekday
TXN00273,CUST0004,RECV0072,2915.51,04-03-2026,06:03:11,WEB,SUCCESSFUL,0,Weekday
TXN00274,CUST0179,RECV0073,1156.96,10-01-2026,09:21:58,WEB,SUCCESSFUL,0,Weekend
TXN00275,CUST0234,RECV0010,5638.85,29-05-2026,12:52:04,IOS,SUCCESSFUL,1,Weekday
TXN00276,CUST0034,RECV0032,173.36,16-03-2026,10:33:26,IOS,SUCCESSFUL,0,Weekday
TXN00277,CUST0148,RECV0082,1795.47,20-04-2026,19:22:59,WEB,SUCCESSFUL,0,Weekday
TXN00278,CUST0255,RECV0128,818.26,14-05-2026,19:14:45,ANDROID,SUCCESSFUL,0,Weekday
TXN00279,CUST0001,RECV0026,472.32,31-01-2026,06:51:39,WEB,SUCCESSFUL,0,Weekend
TXN00280,CUST0024,RECV0026,1610,27-03-2026,06:44:18,WEB,SUCCESSFUL,0,Weekday
TXN00281,CUST0158,RECV0083,802.2,18-03-2026,21:21:21,ANDROID,SUCCESSFUL,0,Weekday
TXN00282,CUST0015,RECV0145,1437.08,14-02-2026,15:51:02,IOS,SUCCESSFUL,0,Weekend
TXN00283,CUST0080,RECV0138,1159.53,10-06-2026,13:59:47,IOS,SUCCESSFUL,0,Weekday
TXN00284,CUST0154,RECV0081,1632.04,25-05-2026,06:36:43,ANDROID,SUCCESSFUL,0,Weekday
TXN00285,CUST0034,RECV0073,970.39,08-02-2026,20:34:53,IOS,SUCCESSFUL,0,Weekend
TXN00286,CUST0200,RECV0079,2203.21,17-02-2026,22:02:17,IOS,SUCCESSFUL,0,Weekday
TXN00287,CUST0122,RECV0078,407.36,06-04-2026,05:07:23,IOS,SUCCESSFUL,0,Weekday
TXN00288,CUST0048,RECV0124,2196.28,24-04-2026,06:21:59,ANDROID,SUCCESSFUL,0,Weekday
TXN00289,CUST0159,RECV0087,1004.81,25-03-2026,21:08:13,WEB,SUCCESSFUL,0,Weekday
TXN00290,CUST0199,RECV0034,3783.2,14-05-2026,19:55:05,WEB,SUCCESSFUL,0,Weekday
TXN00291,CUST0053,RECV0080,4083.1,14-05-2026,06:20:12,WEB,SUCCESSFUL,1,Weekday
TXN00292,CUST0164,RECV0070,6558.82,23-04-2026,03:00:39,IOS,SUCCESSFUL,0,Weekday
TXN00293,CUST0106,RECV0082,1708.05,19-05-2026,09:36:15,WEB,SUCCESSFUL,0,Weekday
TXN00294,CUST0174,RECV0034,1673.56,19-05-2026,03:24:03,ANDROID,SUCCESSFUL,1,Weekday
TXN00295,CUST0092,RECV0115,3154.63,02-06-2026,10:52:12,IOS,SUCCESSFUL,0,Weekday
TXN00296,CUST0041,RECV0024,811.84,30-04-2026,14:06:29,WEB,SUCCESSFUL,0,Weekday
TXN00297,CUST0239,RECV0148,2695.1,01-05-2026,11:25:11,IOS,SUCCESSFUL,1,Weekday
TXN00298,CUST0170,RECV0008,108.18,25-03-2026,11:30:29,ANDROID,SUCCESSFUL,0,Weekday
TXN00299,CUST0179,RECV0131,1482.18,04-06-2026,03:20:35,WEB,SUCCESSFUL,0,Weekday
TXN00300,CUST0237,RECV0062,1426.06,13-04-2026,05:30:24,WEB,SUCCESSFUL,0,Weekday
TXN00301,CUST0221,RECV0088,842.08,22-04-2026,05:42:42,ANDROID,SUCCESSFUL,0,Weekday
TXN00302,CUST0250,RECV0119,4093.46,30-01-2026,14:11:19,ANDROID,SUCCESSFUL,0,Weekday
TXN00303,CUST0056,RECV0098,298.08,25-06-2026,21:03:05,WEB,SUCCESSFUL,0,Weekday
TXN00304,CUST0001,RECV0116,771.13,07-02-2026,19:36:28,IOS,SUCCESSFUL,0,Weekend
TXN00305,CUST0163,RECV0078,748.39,18-03-2026,22:58:22,IOS,SUCCESSFUL,0,Weekday
TXN00306,CUST0005,RECV0104,224.3,06-06-2026,01:23:57,IOS,SUCCESSFUL,0,Weekend
TXN00307,CUST0001,RECV0092,1231.04,24-05-2026,00:15:27,IOS,SUCCESSFUL,0,Weekend
TXN00308,CUST0163,RECV0112,2145.31,08-04-2026,05:30:08,WEB,SUCCESSFUL,0,Weekday
TXN00309,CUST0185,RECV0026,2041.29,17-04-2026,00:09:46,WEB,SUCCESSFUL,1,Weekday
TXN00310,CUST0224,RECV0026,357.37,04-02-2026,22:38:59,IOS,SUCCESSFUL,0,Weekday
TXN00311,CUST0233,RECV0116,902.6,11-05-2026,05:27:38,ANDROID,FAILED,0,Weekday
TXN00312,CUST0122,RECV0013,54.68,09-05-2026,01:36:30,ANDROID,SUCCESSFUL,0,Weekend
TXN00313,CUST0247,RECV0118,3699.03,26-06-2026,14:33:05,IOS,SUCCESSFUL,0,Weekday
TXN00314,CUST0046,RECV0020,208.95,04-03-2026,18:19:39,WEB,SUCCESSFUL,0,Weekday
TXN00315,CUST0006,RECV0121,1687.12,01-05-2026,13:22:51,IOS,SUCCESSFUL,0,Weekday
TXN00316,CUST0019,RECV0078,7767.01,27-06-2026,08:03:40,WEB,SUCCESSFUL,0,Weekend
TXN00317,CUST0027,RECV0007,1434.46,18-06-2026,04:32:04,ANDROID,SUCCESSFUL,0,Weekday
TXN00318,CUST0130,RECV0071,4689.63,03-02-2026,23:07:38,ANDROID,SUCCESSFUL,0,Weekday
TXN00319,CUST0078,RECV0045,534.81,18-06-2026,07:31:11,WEB,SUCCESSFUL,0,Weekday
TXN00320,CUST0176,RECV0040,2618.48,22-01-2026,12:15:42,IOS,SUCCESSFUL,0,Weekday
TXN00321,CUST0086,RECV0089,2868.49,23-02-2026,01:10:29,ANDROID,SUCCESSFUL,1,Weekday
TXN00322,CUST0244,RECV0026,2344.66,17-05-2026,08:09:33,IOS,SUCCESSFUL,0,Weekend
TXN00323,CUST0148,RECV0081,165.86,25-04-2026,01:06:58,WEB,SUCCESSFUL,0,Weekend
TXN00324,CUST0222,RECV0070,337.75,06-06-2026,03:16:41,IOS,SUCCESSFUL,0,Weekend
TXN00325,CUST0124,RECV0050,307.13,22-06-2026,22:11:20,WEB,SUCCESSFUL,0,Weekday
TXN00326,CUST0005,RECV0087,2141.75,18-01-2026,14:22:14,WEB,SUCCESSFUL,0,Weekend
TXN00327,CUST0099,RECV0087,9138.29,09-01-2026,19:40:07,ANDROID,SUCCESSFUL,1,Weekday
TXN00328,CUST0045,RECV0026,2542.57,04-06-2026,18:51:11,WEB,SUCCESSFUL,0,Weekday
TXN00329,CUST0095,RECV0026,105.7,06-03-2026,14:59:17,WEB,SUCCESSFUL,0,Weekday
TXN00330,CUST0166,RECV0087,3684.24,07-03-2026,12:24:21,ANDROID,SUCCESSFUL,0,Weekend
TXN00331,CUST0136,RECV0126,836.93,15-02-2026,19:25:11,ANDROID,SUCCESSFUL,0,Weekend
TXN00332,CUST0074,RECV0056,961,19-05-2026,14:45:16,ANDROID,SUCCESSFUL,0,Weekday
TXN00333,CUST0037,RECV0115,622.38,27-05-2026,20:00:59,WEB,FAILED,1,Weekday
TXN00334,CUST0036,RECV0125,412.23,19-05-2026,03:36:34,IOS,SUCCESSFUL,0,Weekday
TXN00335,CUST0171,RECV0073,1544.06,24-06-2026,02:23:34,WEB,SUCCESSFUL,0,Weekday
TXN00336,CUST0042,RECV0075,3356.65,28-04-2026,17:02:24,ANDROID,SUCCESSFUL,0,Weekday
TXN00337,CUST0200,RECV0092,218.19,28-01-2026,14:47:12,WEB,SUCCESSFUL,0,Weekday
TXN00338,CUST0013,RECV0125,3689.92,01-06-2026,15:34:53,IOS,SUCCESSFUL,1,Weekday
TXN00339,CUST0019,RECV0118,916.79,28-03-2026,21:33:29,WEB,SUCCESSFUL,1,Weekend
TXN00340,CUST0077,RECV0087,1437.12,29-05-2026,00:30:58,WEB,SUCCESSFUL,1,Weekday
TXN00341,CUST0125,RECV0004,1206.31,29-06-2026,09:52:50,ANDROID,SUCCESSFUL,0,Weekday
TXN00342,CUST0088,RECV0087,2258.49,01-06-2026,07:04:51,WEB,SUCCESSFUL,1,Weekday
TXN00343,CUST0206,RECV0026,1933.64,25-03-2026,10:53:50,ANDROID,SUCCESSFUL,0,Weekday
TXN00344,CUST0089,RECV0034,1225.62,27-03-2026,05:44:23,IOS,SUCCESSFUL,0,Weekday
TXN00345,CUST0125,RECV0087,1629.59,29-05-2026,19:24:49,WEB,SUCCESSFUL,0,Weekday
TXN00346,CUST0042,RECV0087,2452.87,02-01-2026,09:26:44,WEB,SUCCESSFUL,0,Weekday
TXN00347,CUST0065,RECV0034,1518.55,22-02-2026,07:11:39,IOS,SUCCESSFUL,0,Weekend
TXN00348,CUST0093,RECV0023,1639.73,08-05-2026,11:26:00,IOS,SUCCESSFUL,0,Weekday
TXN00349,CUST0061,RECV0093,1546.1,16-05-2026,16:14:29,WEB,SUCCESSFUL,0,Weekend
TXN00350,CUST0107,RECV0087,906.9,12-03-2026,15:31:11,WEB,SUCCESSFUL,0,Weekday
TXN00351,CUST0028,RECV0054,790.98,15-06-2026,19:51:56,IOS,SUCCESSFUL,0,Weekday
TXN00352,CUST0054,RECV0046,4188.32,14-01-2026,15:32:07,ANDROID,SUCCESSFUL,0,Weekday
TXN00353,CUST0228,RECV0108,1733.65,01-06-2026,10:14:49,WEB,SUCCESSFUL,0,Weekday
TXN00354,CUST0051,RECV0052,554.33,02-03-2026,02:30:37,ANDROID,SUCCESSFUL,0,Weekday
TXN00355,CUST0075,RECV0117,1291.37,25-02-2026,04:29:46,IOS,SUCCESSFUL,0,Weekday
TXN00356,CUST0139,RECV0073,771.8,21-02-2026,08:08:07,ANDROID,SUCCESSFUL,0,Weekend
TXN00357,CUST0215,RECV0057,4934.2,13-02-2026,05:50:50,WEB,SUCCESSFUL,0,Weekday
TXN00358,CUST0088,RECV0059,63.61,28-05-2026,15:55:13,WEB,SUCCESSFUL,0,Weekday
TXN00359,CUST0143,RECV0064,509.58,04-01-2026,18:14:57,IOS,SUCCESSFUL,0,Weekend
TXN00360,CUST0003,RECV0011,868.45,17-04-2026,16:02:27,WEB,SUCCESSFUL,0,Weekday
TXN00361,CUST0051,RECV0022,1254.31,26-04-2026,22:46:26,ANDROID,SUCCESSFUL,0,Weekend
TXN00362,CUST0184,RECV0087,9861.3,17-03-2026,22:29:54,ANDROID,SUCCESSFUL,1,Weekday
TXN00363,CUST0013,RECV0036,215.59,27-04-2026,05:50:55,IOS,SUCCESSFUL,0,Weekday
TXN00364,CUST0001,RECV0118,3000.56,10-06-2026,09:27:48,ANDROID,SUCCESSFUL,0,Weekday
TXN00365,CUST0107,RECV0145,153.07,25-06-2026,16:58:43,ANDROID,SUCCESSFUL,0,Weekday
TXN00366,CUST0057,RECV0011,3374.87,09-04-2026,20:35:45,ANDROID,SUCCESSFUL,0,Weekday
TXN00367,CUST0105,RECV0062,145.43,05-02-2026,15:47:48,WEB,SUCCESSFUL,0,Weekday
TXN00368,CUST0108,RECV0034,83.14,27-02-2026,08:03:04,IOS,SUCCESSFUL,0,Weekday
TXN00369,CUST0249,RECV0032,2199.01,09-05-2026,21:52:34,WEB,SUCCESSFUL,0,Weekend
TXN00370,CUST0189,RECV0017,10666.7,22-06-2026,02:05:25,IOS,SUCCESSFUL,0,Weekday
TXN00371,CUST0040,RECV0087,4134.65,28-01-2026,04:55:13,IOS,SUCCESSFUL,0,Weekday
TXN00372,CUST0012,RECV0139,1594.43,17-03-2026,11:26:28,IOS,SUCCESSFUL,0,Weekday
TXN00373,CUST0150,RECV0148,4538.65,18-02-2026,20:21:26,WEB,SUCCESSFUL,0,Weekday
TXN00374,CUST0168,RECV0136,59.57,05-05-2026,14:19:36,IOS,SUCCESSFUL,0,Weekday
TXN00375,CUST0088,RECV0145,6694.83,08-03-2026,04:22:18,ANDROID,SUCCESSFUL,0,Weekend
TXN00376,CUST0083,RECV0141,1264.66,18-05-2026,21:50:09,WEB,SUCCESSFUL,0,Weekday
TXN00377,CUST0022,RECV0113,2360.05,23-03-2026,06:35:45,ANDROID,FAILED,0,Weekday
TXN00378,CUST0177,RECV0139,3145.27,07-02-2026,09:07:58,WEB,FAILED,0,Weekend
TXN00379,CUST0075,RECV0040,6940.7,28-04-2026,10:41:45,WEB,SUCCESSFUL,1,Weekday
TXN00380,CUST0076,RECV0114,1428.43,25-05-2026,23:30:57,ANDROID,FAILED,0,Weekday
TXN00381,CUST0060,RECV0012,1215.4,20-03-2026,11:05:20,IOS,SUCCESSFUL,0,Weekday
TXN00382,CUST0100,RECV0072,3332.77,30-05-2026,17:54:28,ANDROID,SUCCESSFUL,0,Weekend
TXN00383,CUST0202,RECV0131,463.12,19-02-2026,11:25:09,WEB,SUCCESSFUL,0,Weekday
TXN00384,CUST0190,RECV0073,6245.3,09-04-2026,14:55:35,IOS,SUCCESSFUL,0,Weekday
TXN00385,CUST0228,RECV0074,2284.1,17-04-2026,13:46:57,WEB,SUCCESSFUL,0,Weekday
TXN00386,CUST0045,RECV0088,450.55,06-02-2026,10:04:59,WEB,SUCCESSFUL,0,Weekday
TXN00387,CUST0046,RECV0070,2448.94,02-01-2026,14:45:36,WEB,SUCCESSFUL,0,Weekday
TXN00388,CUST0103,RECV0075,1408.43,17-02-2026,09:53:37,ANDROID,SUCCESSFUL,0,Weekday
TXN00389,CUST0238,RECV0073,2261.06,27-02-2026,20:53:40,IOS,SUCCESSFUL,0,Weekday
TXN00390,CUST0148,RECV0118,2678.12,17-04-2026,03:48:17,ANDROID,SUCCESSFUL,0,Weekday
TXN00391,CUST0186,RECV0112,214.41,29-05-2026,21:30:44,WEB,SUCCESSFUL,0,Weekday
TXN00392,CUST0009,RECV0073,3196.6,08-03-2026,04:22:10,WEB,SUCCESSFUL,1,Weekend
TXN00393,CUST0215,RECV0092,10185.87,12-06-2026,02:32:12,WEB,SUCCESSFUL,1,Weekday
TXN00394,CUST0049,RECV0140,745.89,03-06-2026,21:51:19,IOS,SUCCESSFUL,0,Weekday
TXN00395,CUST0186,RECV0091,1672.01,25-01-2026,04:33:18,ANDROID,SUCCESSFUL,0,Weekend
TXN00396,CUST0211,RECV0042,879.47,29-03-2026,16:14:53,ANDROID,SUCCESSFUL,0,Weekend
TXN00397,CUST0059,RECV0020,1140.13,17-04-2026,00:30:22,ANDROID,SUCCESSFUL,0,Weekday
TXN00398,CUST0072,RECV0134,1481.73,24-04-2026,05:45:19,IOS,FAILED,0,Weekday
TXN00399,CUST0114,RECV0037,1483.01,02-02-2026,04:13:08,IOS,SUCCESSFUL,0,Weekday
TXN00400,CUST0058,RECV0088,455.56,20-01-2026,06:06:02,ANDROID,SUCCESSFUL,0,Weekday
TXN00401,CUST0031,RECV0034,4473.45,01-05-2026,03:50:07,ANDROID,SUCCESSFUL,1,Weekday
TXN00402,CUST0103,RECV0008,215.55,17-02-2026,08:37:22,WEB,SUCCESSFUL,0,Weekday
TXN00403,CUST0124,RECV0026,319.02,10-05-2026,16:13:45,ANDROID,SUCCESSFUL,0,Weekend
TXN00404,CUST0088,RECV0118,105.83,18-05-2026,22:30:23,WEB,SUCCESSFUL,1,Weekday
TXN00405,CUST0226,RECV0047,273.35,22-06-2026,13:13:32,IOS,SUCCESSFUL,0,Weekday
TXN00406,CUST0161,RECV0134,1203.57,01-02-2026,22:18:35,IOS,SUCCESSFUL,0,Weekend
TXN00407,CUST0168,RECV0034,1726.99,07-05-2026,09:43:53,WEB,SUCCESSFUL,0,Weekday
TXN00408,CUST0209,RECV0110,2896.31,16-03-2026,15:43:23,ANDROID,SUCCESSFUL,0,Weekday
TXN00409,CUST0252,RECV0088,253.1,22-06-2026,02:07:09,WEB,SUCCESSFUL,0,Weekday
TXN00410,CUST0053,RECV0148,3473.57,13-02-2026,12:07:14,WEB,SUCCESSFUL,0,Weekday
TXN00411,CUST0256,RECV0149,2516.58,13-03-2026,12:22:30,WEB,SUCCESSFUL,0,Weekday
TXN00412,CUST0249,RECV0088,1991.81,11-05-2026,07:40:08,IOS,FAILED,1,Weekday
TXN00413,CUST0028,RECV0007,4913.85,18-01-2026,19:43:20,IOS,SUCCESSFUL,0,Weekend
TXN00414,CUST0050,RECV0134,8514.91,20-01-2026,06:18:42,IOS,SUCCESSFUL,0,Weekday
TXN00415,CUST0134,RECV0013,462.95,19-05-2026,13:56:58,ANDROID,SUCCESSFUL,0,Weekday
TXN00416,CUST0162,RECV0010,2373.51,07-04-2026,22:10:31,IOS,SUCCESSFUL,1,Weekday
TXN00417,CUST0200,RECV0146,4747.61,05-05-2026,17:43:34,WEB,SUCCESSFUL,0,Weekday
TXN00418,CUST0081,RECV0034,2351.63,10-05-2026,19:43:22,IOS,SUCCESSFUL,0,Weekend
TXN00419,CUST0165,RECV0073,309.74,16-01-2026,18:01:48,WEB,SUCCESSFUL,1,Weekday
TXN00420,CUST0195,RECV0092,2787.86,25-01-2026,21:15:15,ANDROID,SUCCESSFUL,0,Weekend
TXN00421,CUST0044,RECV0034,5919.42,26-06-2026,10:02:29,WEB,SUCCESSFUL,1,Weekday
TXN00422,CUST0216,RECV0088,2548.95,10-03-2026,12:36:24,IOS,SUCCESSFUL,0,Weekday
TXN00423,CUST0251,RECV0053,2942.83,26-01-2026,21:21:10,WEB,SUCCESSFUL,0,Weekday
TXN00424,CUST0224,RECV0020,3188.71,21-02-2026,06:18:16,WEB,FAILED,0,Weekend
TXN00425,CUST0206,RECV0024,421.33,27-02-2026,03:37:21,WEB,SUCCESSFUL,0,Weekday
TXN00426,CUST0244,RECV0087,533.81,20-04-2026,16:51:19,IOS,SUCCESSFUL,0,Weekday
TXN00427,CUST0161,RECV0065,1858.03,21-02-2026,21:48:35,IOS,SUCCESSFUL,0,Weekend
TXN00428,CUST0096,RECV0120,4342.12,28-05-2026,17:51:39,WEB,SUCCESSFUL,0,Weekday
TXN00429,CUST0031,RECV0088,1322.16,14-05-2026,09:54:27,WEB,SUCCESSFUL,1,Weekday
TXN00430,CUST0105,RECV0034,1647.46,16-04-2026,21:38:15,IOS,SUCCESSFUL,0,Weekday
TXN00431,CUST0077,RECV0034,2117.83,19-02-2026,13:27:41,WEB,SUCCESSFUL,0,Weekday
TXN00432,CUST0082,RECV0034,1132.5,11-03-2026,21:35:11,IOS,SUCCESSFUL,0,Weekday
TXN00433,CUST0249,RECV0087,2301.81,06-01-2026,02:57:26,IOS,SUCCESSFUL,0,Weekday
TXN00434,CUST0047,RECV0036,4188.68,12-04-2026,23:32:59,WEB,SUCCESSFUL,0,Weekend
TXN00435,CUST0129,RECV0061,1811.19,08-05-2026,10:53:37,IOS,SUCCESSFUL,0,Weekday
TXN00436,CUST0121,RECV0087,4977.11,19-04-2026,13:16:55,IOS,SUCCESSFUL,1,Weekend
TXN00437,CUST0192,RECV0082,1089.64,29-06-2026,21:15:17,IOS,SUCCESSFUL,0,Weekday
TXN00438,CUST0186,RECV0079,5496.39,02-05-2026,01:53:47,WEB,SUCCESSFUL,1,Weekend
TXN00439,CUST0123,RECV0080,840.32,06-03-2026,11:57:51,WEB,SUCCESSFUL,0,Weekday
TXN00440,CUST0122,RECV0101,944.11,24-04-2026,09:05:59,IOS,SUCCESSFUL,0,Weekday
TXN00441,CUST0153,RECV0042,1416.17,23-02-2026,10:56:51,WEB,SUCCESSFUL,0,Weekday
TXN00442,CUST0018,RECV0126,174.1,12-03-2026,10:45:27,IOS,SUCCESSFUL,0,Weekday
TXN00443,CUST0015,RECV0048,1458.94,14-01-2026,04:00:25,WEB,SUCCESSFUL,0,Weekday
TXN00444,CUST0161,RECV0141,1066.65,28-05-2026,20:48:08,WEB,SUCCESSFUL,0,Weekday
TXN00445,CUST0211,RECV0035,778.44,23-03-2026,18:52:20,WEB,SUCCESSFUL,0,Weekday
TXN00446,CUST0044,RECV0101,2410.46,17-04-2026,07:01:01,WEB,SUCCESSFUL,0,Weekday
TXN00447,CUST0118,RECV0051,2179.85,23-01-2026,01:25:39,ANDROID,SUCCESSFUL,0,Weekday
TXN00448,CUST0077,RECV0044,378.32,23-01-2026,00:45:33,ANDROID,SUCCESSFUL,0,Weekday
TXN00449,CUST0254,RECV0148,3846.03,31-01-2026,09:47:31,IOS,SUCCESSFUL,0,Weekend
TXN00450,CUST0106,RECV0034,1281.26,03-06-2026,13:11:26,ANDROID,SUCCESSFUL,0,Weekday
TXN00451,CUST0149,RECV0088,2484.88,09-03-2026,18:43:41,IOS,SUCCESSFUL,0,Weekday
TXN00452,CUST0241,RECV0102,1582.38,04-02-2026,12:45:27,WEB,SUCCESSFUL,0,Weekday
TXN00453,CUST0038,RECV0014,10978.95,25-01-2026,15:58:22,ANDROID,SUCCESSFUL,0,Weekend
TXN00454,CUST0024,RECV0012,2562.72,02-01-2026,21:23:08,IOS,SUCCESSFUL,0,Weekday
TXN00455,CUST0022,RECV0141,2259.53,29-05-2026,14:08:05,IOS,SUCCESSFUL,0,Weekday
TXN00456,CUST0222,RECV0145,4852.49,06-02-2026,23:23:59,IOS,SUCCESSFUL,1,Weekday
TXN00457,CUST0136,RECV0141,328.04,13-05-2026,04:35:54,IOS,SUCCESSFUL,0,Weekday
TXN00458,CUST0226,RECV0073,461.91,14-01-2026,15:16:10,ANDROID,SUCCESSFUL,0,Weekday
TXN00459,CUST0060,RECV0145,2303.58,07-05-2026,15:29:31,WEB,SUCCESSFUL,0,Weekday
TXN00460,CUST0076,RECV0148,1276.13,01-02-2026,05:47:32,ANDROID,SUCCESSFUL,0,Weekend
TXN00461,CUST0109,RECV0002,2579.02,30-05-2026,05:26:58,WEB,SUCCESSFUL,0,Weekend
TXN00462,CUST0049,RECV0026,245.49,26-03-2026,12:23:37,ANDROID,SUCCESSFUL,0,Weekday
TXN00463,CUST0166,RECV0088,1434.04,09-02-2026,15:29:40,WEB,SUCCESSFUL,0,Weekday
TXN00464,CUST0003,RECV0116,907.05,26-03-2026,23:58:51,WEB,SUCCESSFUL,0,Weekday
TXN00465,CUST0025,RECV0073,1149.16,14-06-2026,19:24:05,WEB,SUCCESSFUL,0,Weekend
TXN00466,CUST0123,RECV0148,1717.22,13-04-2026,09:41:48,IOS,SUCCESSFUL,0,Weekday
TXN00467,CUST0062,RECV0111,1305.92,18-03-2026,21:38:08,IOS,SUCCESSFUL,0,Weekday
TXN00468,CUST0189,RECV0088,1447.21,12-05-2026,08:36:38,IOS,SUCCESSFUL,0,Weekday
TXN00469,CUST0189,RECV0026,1249.21,07-06-2026,16:21:29,ANDROID,SUCCESSFUL,0,Weekend
TXN00470,CUST0080,RECV0135,2428.03,07-05-2026,15:19:09,ANDROID,SUCCESSFUL,1,Weekday
TXN00471,CUST0154,RECV0076,2710.21,05-03-2026,02:58:02,WEB,SUCCESSFUL,0,Weekday
TXN00472,CUST0218,RECV0026,72.1,16-04-2026,11:16:37,IOS,SUCCESSFUL,0,Weekday
TXN00473,CUST0009,RECV0119,1692.33,30-01-2026,12:02:05,ANDROID,SUCCESSFUL,0,Weekday
TXN00474,CUST0153,RECV0117,1550.44,22-03-2026,19:51:16,IOS,SUCCESSFUL,0,Weekend
TXN00475,CUST0109,RECV0012,2316.94,17-02-2026,03:27:34,WEB,FAILED,0,Weekday
TXN00476,CUST0060,RECV0088,1694.96,04-01-2026,21:47:38,IOS,SUCCESSFUL,0,Weekend
TXN00477,CUST0185,RECV0102,3205.94,26-06-2026,04:08:00,ANDROID,SUCCESSFUL,0,Weekday
TXN00478,CUST0076,RECV0030,1452.59,02-05-2026,14:31:30,WEB,FAILED,1,Weekend
TXN00479,CUST0125,RECV0125,779.5,21-02-2026,22:27:26,WEB,SUCCESSFUL,1,Weekend
TXN00480,CUST0149,RECV0125,1041.71,10-01-2026,19:59:43,WEB,SUCCESSFUL,0,Weekend
TXN00481,CUST0119,RECV0109,661.24,16-01-2026,02:17:57,WEB,SUCCESSFUL,0,Weekday
TXN00482,CUST0060,RECV0089,1767.89,07-05-2026,00:10:18,IOS,SUCCESSFUL,0,Weekday
TXN00483,CUST0177,RECV0148,4421.74,23-04-2026,10:58:38,WEB,SUCCESSFUL,0,Weekday
TXN00484,CUST0240,RECV0100,319.63,03-02-2026,20:47:23,WEB,SUCCESSFUL,0,Weekday
TXN00485,CUST0107,RECV0023,241.24,14-03-2026,05:12:10,ANDROID,SUCCESSFUL,0,Weekend
TXN00486,CUST0213,RECV0148,582.32,07-05-2026,11:56:16,ANDROID,SUCCESSFUL,0,Weekday
TXN00487,CUST0090,RECV0087,4114.15,09-05-2026,03:35:14,ANDROID,SUCCESSFUL,1,Weekend
TXN00488,CUST0182,RECV0143,1667.93,12-01-2026,22:55:32,ANDROID,SUCCESSFUL,0,Weekday
TXN00489,CUST0026,RECV0029,244.08,23-04-2026,19:50:54,WEB,SUCCESSFUL,0,Weekday
TXN00490,CUST0022,RECV0026,8729.21,10-05-2026,05:46:18,IOS,SUCCESSFUL,1,Weekend
TXN00491,CUST0256,RECV0145,2859.89,26-01-2026,03:54:12,ANDROID,SUCCESSFUL,0,Weekday
TXN00492,CUST0004,RECV0122,91.93,04-03-2026,05:05:17,WEB,SUCCESSFUL,0,Weekday
TXN00493,CUST0185,RECV0039,1946.72,11-06-2026,13:50:14,WEB,SUCCESSFUL,0,Weekday
TXN00494,CUST0212,RECV0133,2705.2,15-04-2026,00:28:09,IOS,SUCCESSFUL,0,Weekday
TXN00495,CUST0036,RECV0125,894.38,22-01-2026,13:03:25,ANDROID,SUCCESSFUL,0,Weekday
TXN00496,CUST0078,RECV0026,178.54,28-05-2026,16:18:26,WEB,SUCCESSFUL,0,Weekday
TXN00497,CUST0156,RECV0003,194.85,22-03-2026,19:58:09,WEB,SUCCESSFUL,0,Weekend
TXN00498,CUST0106,RECV0114,248.16,20-05-2026,12:49:12,WEB,SUCCESSFUL,0,Weekday
TXN00499,CUST0019,RECV0118,3353.6,18-05-2026,16:34:18,ANDROID,SUCCESSFUL,0,Weekday
TXN00500,CUST0160,RECV0026,4398.08,14-05-2026,17:37:16,ANDROID,SUCCESSFUL,0,Weekday
TXN00501,CUST0217,RECV0073,285.86,10-05-2026,20:32:22,IOS,SUCCESSFUL,0,Weekend
TXN00502,CUST0064,RECV0118,1163.73,25-04-2026,23:37:36,ANDROID,SUCCESSFUL,1,Weekend
TXN00503,CUST0120,RECV0026,375.7,31-03-2026,18:43:08,WEB,SUCCESSFUL,0,Weekday
TXN00504,CUST0127,RECV0012,421.14,27-01-2026,14:06:09,IOS,SUCCESSFUL,0,Weekday
TXN00505,CUST0042,RECV0141,3320.64,24-01-2026,02:23:43,IOS,SUCCESSFUL,0,Weekend
TXN00506,CUST0203,RECV0109,776.64,09-03-2026,15:46:26,WEB,SUCCESSFUL,0,Weekday
TXN00507,CUST0259,RECV0118,2099.43,02-02-2026,03:44:13,WEB,SUCCESSFUL,1,Weekday
TXN00508,CUST0081,RECV0031,514.38,24-05-2026,03:07:23,IOS,SUCCESSFUL,0,Weekend
TXN00509,CUST0079,RECV0096,1735.2,31-01-2026,00:50:09,IOS,SUCCESSFUL,0,Weekend
TXN00510,CUST0216,RECV0079,908.45,13-01-2026,05:52:47,ANDROID,SUCCESSFUL,0,Weekday
TXN00511,CUST0179,RECV0107,2504.4,18-01-2026,18:28:57,IOS,SUCCESSFUL,0,Weekend
TXN00512,CUST0244,RECV0141,464.26,05-06-2026,14:42:28,IOS,SUCCESSFUL,0,Weekday
TXN00513,CUST0167,RECV0105,2840.32,23-01-2026,10:34:02,IOS,SUCCESSFUL,0,Weekday
TXN00514,CUST0143,RECV0141,1716.15,15-06-2026,20:50:49,WEB,SUCCESSFUL,0,Weekday
TXN00515,CUST0064,RECV0050,268.41,14-06-2026,18:48:03,WEB,SUCCESSFUL,0,Weekend
TXN00516,CUST0097,RECV0005,3417.99,02-05-2026,00:17:50,ANDROID,SUCCESSFUL,1,Weekend
TXN00517,CUST0228,RECV0083,3634.81,22-01-2026,15:55:59,ANDROID,FAILED,0,Weekday
TXN00518,CUST0093,RECV0013,4664.18,17-04-2026,02:07:06,IOS,SUCCESSFUL,0,Weekday
TXN00519,CUST0074,RECV0087,1178.24,16-02-2026,21:10:03,IOS,SUCCESSFUL,0,Weekday
TXN00520,CUST0093,RECV0077,1229.97,07-01-2026,04:26:57,IOS,SUCCESSFUL,0,Weekday
TXN00521,CUST0062,RECV0012,4561.87,14-01-2026,16:48:32,IOS,SUCCESSFUL,0,Weekday
TXN00522,CUST0138,RECV0013,1642.05,16-01-2026,00:26:40,IOS,SUCCESSFUL,0,Weekday
TXN00523,CUST0138,RECV0026,287.35,22-05-2026,09:36:26,ANDROID,SUCCESSFUL,1,Weekday
TXN00524,CUST0257,RECV0037,4440.15,22-02-2026,07:34:27,ANDROID,SUCCESSFUL,0,Weekend
TXN00525,CUST0232,RECV0088,563.58,11-01-2026,09:41:10,WEB,FAILED,0,Weekend
TXN00526,CUST0140,RECV0026,1601.38,03-06-2026,20:13:37,IOS,SUCCESSFUL,0,Weekday
TXN00527,CUST0024,RECV0145,630.95,11-02-2026,03:53:08,WEB,SUCCESSFUL,1,Weekday
TXN00528,CUST0222,RECV0082,112.04,23-02-2026,20:16:48,IOS,SUCCESSFUL,0,Weekday
TXN00529,CUST0126,RECV0088,721.76,19-06-2026,10:01:58,WEB,SUCCESSFUL,0,Weekday
TXN00530,CUST0002,RECV0003,2779.49,05-06-2026,17:57:44,IOS,SUCCESSFUL,0,Weekday
TXN00531,CUST0042,RECV0138,2010.16,16-06-2026,14:43:07,WEB,SUCCESSFUL,1,Weekday
TXN00532,CUST0184,RECV0118,497.45,10-04-2026,14:23:59,ANDROID,SUCCESSFUL,0,Weekday
TXN00533,CUST0114,RECV0092,480.42,06-01-2026,20:19:51,WEB,SUCCESSFUL,0,Weekday
TXN00534,CUST0253,RECV0088,1353.14,03-04-2026,19:13:00,WEB,SUCCESSFUL,0,Weekday
TXN00535,CUST0203,RECV0146,6729.39,29-01-2026,17:12:42,ANDROID,SUCCESSFUL,0,Weekday
TXN00536,CUST0090,RECV0017,3891.62,17-01-2026,16:46:50,ANDROID,SUCCESSFUL,1,Weekend
TXN00537,CUST0012,RECV0065,1516.78,27-06-2026,00:27:41,IOS,SUCCESSFUL,0,Weekend
TXN00538,CUST0027,RECV0105,3597.15,24-03-2026,16:29:31,WEB,SUCCESSFUL,0,Weekday
TXN00539,CUST0115,RECV0125,1428.56,13-01-2026,00:25:12,IOS,SUCCESSFUL,0,Weekday
TXN00540,CUST0013,RECV0109,417.03,27-02-2026,06:10:21,ANDROID,SUCCESSFUL,0,Weekday
TXN00541,CUST0050,RECV0007,690.98,08-01-2026,10:53:16,WEB,SUCCESSFUL,0,Weekday
TXN00542,CUST0123,RECV0086,717.75,29-03-2026,02:49:38,ANDROID,SUCCESSFUL,0,Weekend
TXN00543,CUST0229,RECV0073,961.46,29-05-2026,10:56:54,IOS,SUCCESSFUL,0,Weekday
TXN00544,CUST0032,RECV0012,1051.7,24-04-2026,03:43:03,ANDROID,SUCCESSFUL,0,Weekday
TXN00545,CUST0196,RECV0125,2945.03,13-04-2026,21:39:00,WEB,SUCCESSFUL,0,Weekday
TXN00546,CUST0220,RECV0087,823.71,08-06-2026,00:29:33,WEB,SUCCESSFUL,0,Weekday
TXN00547,CUST0056,RECV0118,3653.93,27-01-2026,18:08:40,ANDROID,SUCCESSFUL,1,Weekday
TXN00548,CUST0216,RECV0114,1815.38,04-05-2026,01:03:08,ANDROID,SUCCESSFUL,0,Weekday
TXN00549,CUST0184,RECV0139,903.87,21-03-2026,15:19:38,ANDROID,SUCCESSFUL,0,Weekend
TXN00550,CUST0005,RECV0038,8323.08,13-05-2026,01:27:22,WEB,SUCCESSFUL,1,Weekday
TXN00551,CUST0104,RECV0026,1643.73,18-01-2026,14:38:44,WEB,SUCCESSFUL,0,Weekend
TXN00552,CUST0172,RECV0145,1630.07,07-06-2026,15:14:58,ANDROID,FAILED,1,Weekend
TXN00553,CUST0118,RECV0062,2303.55,30-04-2026,23:24:13,IOS,SUCCESSFUL,0,Weekday
TXN00554,CUST0186,RECV0073,1400.05,03-01-2026,09:28:12,ANDROID,SUCCESSFUL,0,Weekend
TXN00555,CUST0023,RECV0034,1426.19,08-01-2026,23:11:21,IOS,SUCCESSFUL,0,Weekday
TXN00556,CUST0092,RECV0034,1230.84,20-02-2026,21:08:24,ANDROID,SUCCESSFUL,0,Weekday
TXN00557,CUST0174,RECV0148,1286.94,23-02-2026,21:10:33,IOS,SUCCESSFUL,0,Weekday
TXN00558,CUST0223,RECV0141,2659.44,17-01-2026,17:24:44,ANDROID,SUCCESSFUL,0,Weekend
TXN00559,CUST0220,RECV0073,245.62,12-06-2026,06:54:34,WEB,SUCCESSFUL,0,Weekday
TXN00560,CUST0168,RECV0034,782.62,05-03-2026,18:56:31,WEB,SUCCESSFUL,0,Weekday
TXN00561,CUST0241,RECV0043,191.31,19-06-2026,16:23:31,WEB,SUCCESSFUL,0,Weekday
TXN00562,CUST0165,RECV0124,2568.86,06-04-2026,15:17:37,IOS,SUCCESSFUL,0,Weekday
TXN00563,CUST0019,RECV0148,622.16,23-02-2026,12:13:19,ANDROID,SUCCESSFUL,0,Weekday
TXN00564,CUST0081,RECV0087,4148.98,06-04-2026,09:28:33,ANDROID,SUCCESSFUL,0,Weekday
TXN00565,CUST0022,RECV0087,1395.98,30-04-2026,13:26:23,IOS,SUCCESSFUL,0,Weekday
TXN00566,CUST0140,RECV0088,8243.06,08-04-2026,02:18:53,IOS,SUCCESSFUL,1,Weekday
TXN00567,CUST0041,RECV0026,15538.76,12-03-2026,06:21:12,WEB,SUCCESSFUL,1,Weekday
TXN00568,CUST0155,RECV0049,3346.27,24-06-2026,22:47:34,ANDROID,SUCCESSFUL,0,Weekday
TXN00569,CUST0154,RECV0104,3681.25,14-03-2026,20:00:30,WEB,SUCCESSFUL,0,Weekend
TXN00570,CUST0204,RECV0118,993.6,28-02-2026,16:37:50,ANDROID,SUCCESSFUL,0,Weekend
TXN00571,CUST0237,RECV0081,1494.22,29-03-2026,22:26:13,IOS,SUCCESSFUL,0,Weekend
TXN00572,CUST0016,RECV0141,577.18,06-04-2026,00:31:51,WEB,SUCCESSFUL,0,Weekday
TXN00573,CUST0174,RECV0104,442.93,27-02-2026,17:19:20,WEB,SUCCESSFUL,0,Weekday
TXN00574,CUST0105,RECV0125,2880.18,11-04-2026,14:40:57,WEB,SUCCESSFUL,1,Weekend
TXN00575,CUST0054,RECV0009,795.94,22-06-2026,15:01:11,WEB,SUCCESSFUL,0,Weekday
TXN00576,CUST0146,RECV0026,1566.82,22-02-2026,01:23:33,IOS,FAILED,0,Weekend
TXN00577,CUST0211,RECV0087,9305.27,11-04-2026,02:24:57,WEB,SUCCESSFUL,1,Weekend
TXN00578,CUST0106,RECV0122,4013.44,21-03-2026,18:12:32,IOS,SUCCESSFUL,1,Weekend
TXN00579,CUST0142,RECV0141,2346.57,21-02-2026,19:51:15,IOS,SUCCESSFUL,0,Weekend
TXN00580,CUST0252,RECV0011,2995.47,28-04-2026,20:56:58,IOS,SUCCESSFUL,0,Weekday
TXN00581,CUST0153,RECV0045,8123.91,11-04-2026,19:46:27,ANDROID,SUCCESSFUL,0,Weekend
TXN00582,CUST0094,RECV0101,1713.77,28-06-2026,07:56:55,ANDROID,SUCCESSFUL,0,Weekend
TXN00583,CUST0150,RECV0056,3009.72,20-06-2026,17:07:23,IOS,SUCCESSFUL,0,Weekend
TXN00584,CUST0259,RECV0043,5967.33,25-03-2026,01:29:01,WEB,SUCCESSFUL,0,Weekday
TXN00585,CUST0237,RECV0125,5251.54,08-04-2026,01:00:16,IOS,SUCCESSFUL,0,Weekday
TXN00586,CUST0168,RECV0125,323.75,21-06-2026,17:42:15,ANDROID,SUCCESSFUL,0,Weekend
TXN00587,CUST0072,RECV0042,988.77,01-05-2026,19:06:11,ANDROID,SUCCESSFUL,0,Weekday
TXN00588,CUST0201,RECV0073,754.79,13-02-2026,14:22:11,ANDROID,SUCCESSFUL,0,Weekday
TXN00589,CUST0111,RECV0134,213.69,24-04-2026,21:57:06,WEB,SUCCESSFUL,0,Weekday
TXN00590,CUST0228,RECV0013,1855.49,14-01-2026,07:23:58,ANDROID,SUCCESSFUL,0,Weekday
TXN00591,CUST0009,RECV0073,2446.6,18-04-2026,21:42:04,ANDROID,SUCCESSFUL,0,Weekend
TXN00592,CUST0086,RECV0013,7416.1,12-02-2026,20:12:39,WEB,SUCCESSFUL,1,Weekday
TXN00593,CUST0203,RECV0148,613.52,20-04-2026,12:41:20,ANDROID,FAILED,1,Weekday
TXN00594,CUST0235,RECV0034,3813.91,26-02-2026,01:04:56,IOS,SUCCESSFUL,0,Weekday
TXN00595,CUST0256,RECV0146,1903.66,27-01-2026,19:20:40,ANDROID,SUCCESSFUL,0,Weekday
TXN00596,CUST0069,RECV0118,2240.98,27-03-2026,15:04:21,WEB,FAILED,0,Weekday
TXN00597,CUST0230,RECV0060,4396.83,08-04-2026,00:14:01,WEB,SUCCESSFUL,0,Weekday
TXN00598,CUST0159,RECV0063,1814.35,02-03-2026,04:23:31,ANDROID,SUCCESSFUL,0,Weekday
TXN00599,CUST0193,RECV0061,786.69,22-02-2026,14:47:56,WEB,SUCCESSFUL,0,Weekend
TXN00600,CUST0163,RECV0011,3188.45,14-06-2026,20:52:18,IOS,SUCCESSFUL,0,Weekend
TXN00601,CUST0170,RECV0013,2874.88,29-03-2026,21:44:46,ANDROID,SUCCESSFUL,1,Weekend
TXN00602,CUST0165,RECV0002,279.84,16-02-2026,01:40:09,ANDROID,SUCCESSFUL,1,Weekday
TXN00603,CUST0047,RECV0053,3246.47,14-02-2026,13:46:29,ANDROID,SUCCESSFUL,0,Weekend
TXN00604,CUST0102,RECV0064,812.14,04-03-2026,14:40:12,WEB,SUCCESSFUL,0,Weekday
TXN00605,CUST0041,RECV0043,2725.68,03-04-2026,16:39:47,IOS,SUCCESSFUL,0,Weekday
TXN00606,CUST0247,RECV0110,861.09,06-01-2026,19:34:09,IOS,SUCCESSFUL,0,Weekday
TXN00607,CUST0132,RECV0117,3602.79,08-04-2026,19:30:04,WEB,SUCCESSFUL,0,Weekday
TXN00608,CUST0241,RECV0148,1599.08,20-02-2026,23:23:31,WEB,SUCCESSFUL,1,Weekday
TXN00609,CUST0203,RECV0079,6657.68,06-04-2026,02:26:56,WEB,FAILED,0,Weekday
TXN00610,CUST0198,RECV0125,2773.46,25-05-2026,11:32:45,WEB,SUCCESSFUL,0,Weekday
TXN00611,CUST0189,RECV0125,268.35,28-06-2026,07:15:30,WEB,FAILED,0,Weekend
TXN00612,CUST0015,RECV0038,1551.55,28-06-2026,21:09:16,IOS,SUCCESSFUL,0,Weekend
TXN00613,CUST0083,RECV0087,7654.1,04-01-2026,12:45:37,IOS,SUCCESSFUL,0,Weekend
TXN00614,CUST0097,RECV0125,2517.75,19-04-2026,21:56:24,WEB,SUCCESSFUL,1,Weekend
TXN00615,CUST0211,RECV0012,411.84,23-01-2026,04:17:47,IOS,SUCCESSFUL,0,Weekday
TXN00616,CUST0204,RECV0141,1243.68,28-06-2026,03:04:49,ANDROID,SUCCESSFUL,0,Weekend
TXN00617,CUST0214,RECV0125,1343.08,17-06-2026,05:45:08,IOS,SUCCESSFUL,0,Weekday
TXN00618,CUST0258,RECV0055,2486.45,29-01-2026,23:11:51,ANDROID,SUCCESSFUL,0,Weekday
TXN00619,CUST0210,RECV0028,2210.24,23-04-2026,02:18:05,ANDROID,SUCCESSFUL,0,Weekday
TXN00620,CUST0033,RECV0148,977.15,29-03-2026,03:00:03,WEB,SUCCESSFUL,0,Weekend
TXN00621,CUST0022,RECV0073,492.67,25-01-2026,08:59:31,WEB,SUCCESSFUL,0,Weekend
TXN00622,CUST0220,RECV0088,1914.42,28-03-2026,11:42:25,ANDROID,SUCCESSFUL,0,Weekend
TXN00623,CUST0183,RECV0001,1035.8,26-03-2026,12:46:53,WEB,SUCCESSFUL,0,Weekday
TXN00624,CUST0014,RECV0013,305.39,04-06-2026,07:23:28,WEB,SUCCESSFUL,0,Weekday
TXN00625,CUST0244,RECV0049,11673.64,12-05-2026,00:40:23,IOS,SUCCESSFUL,1,Weekday
TXN00626,CUST0167,RECV0125,2165.24,23-06-2026,02:22:27,WEB,SUCCESSFUL,0,Weekday
TXN00627,CUST0052,RECV0148,2118.98,09-04-2026,18:50:54,WEB,SUCCESSFUL,0,Weekday
TXN00628,CUST0066,RECV0078,3162.66,08-05-2026,14:10:57,WEB,SUCCESSFUL,0,Weekday
TXN00629,CUST0247,RECV0063,1407.75,19-06-2026,22:05:06,WEB,SUCCESSFUL,0,Weekday
TXN00630,CUST0015,RECV0084,3087.85,11-02-2026,07:46:16,IOS,SUCCESSFUL,0,Weekday
TXN00631,CUST0064,RECV0013,1290.8,20-06-2026,02:50:44,IOS,SUCCESSFUL,0,Weekend
TXN00632,CUST0034,RECV0118,175.17,14-06-2026,12:41:41,WEB,SUCCESSFUL,0,Weekend
TXN00633,CUST0120,RECV0034,1653.61,27-02-2026,18:59:12,WEB,SUCCESSFUL,1,Weekday
TXN00634,CUST0189,RECV0098,1288.56,02-02-2026,09:03:37,ANDROID,SUCCESSFUL,0,Weekday
TXN00635,CUST0217,RECV0033,2342.64,23-03-2026,18:14:06,WEB,SUCCESSFUL,0,Weekday
TXN00636,CUST0236,RECV0034,252.85,22-03-2026,21:29:09,IOS,SUCCESSFUL,0,Weekend
TXN00637,CUST0018,RECV0013,321.52,03-06-2026,08:54:45,ANDROID,SUCCESSFUL,0,Weekday
TXN00638,CUST0111,RECV0125,1875.28,07-05-2026,22:13:54,ANDROID,SUCCESSFUL,1,Weekday
TXN00639,CUST0027,RECV0101,607.87,15-02-2026,05:01:35,WEB,SUCCESSFUL,0,Weekend
TXN00640,CUST0243,RECV0101,2421.42,31-03-2026,09:18:44,WEB,SUCCESSFUL,0,Weekday
TXN00641,CUST0202,RECV0012,569.58,25-01-2026,22:19:29,ANDROID,SUCCESSFUL,0,Weekend
TXN00642,CUST0071,RECV0075,1854.79,24-04-2026,06:51:47,ANDROID,SUCCESSFUL,0,Weekday
TXN00643,CUST0005,RECV0148,3922.19,03-04-2026,12:27:43,ANDROID,SUCCESSFUL,1,Weekday
TXN00644,CUST0050,RECV0046,1582.99,02-04-2026,16:41:21,ANDROID,SUCCESSFUL,0,Weekday
TXN00645,CUST0046,RECV0098,982.68,29-04-2026,14:23:00,WEB,SUCCESSFUL,0,Weekday
TXN00646,CUST0063,RECV0131,2702.56,06-05-2026,18:36:30,WEB,SUCCESSFUL,0,Weekday
TXN00647,CUST0049,RECV0088,1036.84,01-06-2026,13:19:36,WEB,SUCCESSFUL,0,Weekday
TXN00648,CUST0033,RECV0118,2184.15,18-05-2026,16:31:04,WEB,SUCCESSFUL,1,Weekday
TXN00649,CUST0064,RECV0031,5783.24,23-02-2026,22:11:00,WEB,SUCCESSFUL,0,Weekday
TXN00650,CUST0063,RECV0148,416.83,11-01-2026,17:16:54,ANDROID,SUCCESSFUL,0,Weekend
TXN00651,CUST0064,RECV0013,761.41,10-05-2026,00:15:19,WEB,FAILED,1,Weekend
TXN00652,CUST0151,RECV0036,2703.15,18-06-2026,10:33:58,WEB,SUCCESSFUL,0,Weekday
TXN00653,CUST0108,RECV0073,177.24,26-06-2026,04:19:54,ANDROID,SUCCESSFUL,0,Weekday
TXN00654,CUST0084,RECV0066,1084.67,13-04-2026,04:34:13,WEB,SUCCESSFUL,0,Weekday
TXN00655,CUST0138,RECV0050,4498.1,12-06-2026,21:41:52,WEB,SUCCESSFUL,0,Weekday
TXN00656,CUST0215,RECV0125,2351.22,09-02-2026,07:04:17,WEB,SUCCESSFUL,0,Weekday
TXN00657,CUST0209,RECV0087,1746.76,17-01-2026,08:09:55,IOS,SUCCESSFUL,0,Weekend
TXN00658,CUST0006,RECV0057,5417.53,26-01-2026,03:11:33,ANDROID,SUCCESSFUL,0,Weekday
TXN00659,CUST0251,RECV0147,959.46,25-01-2026,08:38:06,WEB,SUCCESSFUL,0,Weekend
TXN00660,CUST0163,RECV0118,5595.81,10-04-2026,17:38:56,WEB,SUCCESSFUL,0,Weekday
TXN00661,CUST0028,RECV0064,1240.11,13-06-2026,22:29:11,IOS,SUCCESSFUL,0,Weekend
TXN00662,CUST0240,RECV0125,616.26,09-05-2026,07:19:40,WEB,SUCCESSFUL,0,Weekend
TXN00663,CUST0209,RECV0021,2865.44,22-03-2026,05:36:03,ANDROID,SUCCESSFUL,1,Weekend
TXN00664,CUST0253,RECV0109,368.16,03-01-2026,04:30:31,WEB,SUCCESSFUL,0,Weekend
TXN00665,CUST0064,RECV0148,3365.94,14-04-2026,00:45:27,WEB,SUCCESSFUL,0,Weekday
TXN00666,CUST0177,RECV0136,3422.22,04-03-2026,19:28:10,ANDROID,SUCCESSFUL,0,Weekday
TXN00667,CUST0116,RECV0141,5641.44,14-02-2026,13:31:24,ANDROID,SUCCESSFUL,0,Weekend
TXN00668,CUST0174,RECV0013,352.46,23-06-2026,09:19:30,ANDROID,SUCCESSFUL,0,Weekday
TXN00669,CUST0002,RECV0056,1807.51,11-06-2026,16:52:57,WEB,FAILED,0,Weekday
TXN00670,CUST0250,RECV0118,1207.23,15-01-2026,03:00:22,IOS,SUCCESSFUL,0,Weekday
TXN00671,CUST0206,RECV0125,809.92,01-04-2026,16:32:57,ANDROID,SUCCESSFUL,0,Weekday
TXN00672,CUST0250,RECV0026,829.68,02-01-2026,12:23:19,IOS,SUCCESSFUL,0,Weekday
TXN00673,CUST0138,RECV0113,1008.28,28-01-2026,23:27:00,IOS,SUCCESSFUL,0,Weekday
TXN00674,CUST0102,RECV0073,2246.95,29-01-2026,23:21:57,IOS,FAILED,0,Weekday
TXN00675,CUST0102,RECV0069,1691.63,03-05-2026,17:31:51,IOS,SUCCESSFUL,0,Weekend
TXN00676,CUST0167,RECV0100,1158.07,13-04-2026,00:08:09,ANDROID,SUCCESSFUL,0,Weekday
TXN00677,CUST0122,RECV0088,192.15,14-01-2026,23:00:27,WEB,SUCCESSFUL,0,Weekday
TXN00678,CUST0249,RECV0064,195.72,22-01-2026,16:11:15,WEB,SUCCESSFUL,0,Weekday
TXN00679,CUST0135,RECV0125,54.22,29-06-2026,03:44:46,WEB,SUCCESSFUL,0,Weekday
TXN00680,CUST0097,RECV0039,6228.8,01-06-2026,12:02:17,ANDROID,SUCCESSFUL,0,Weekday
TXN00681,CUST0219,RECV0024,59.48,05-01-2026,13:33:19,IOS,SUCCESSFUL,0,Weekday
TXN00682,CUST0114,RECV0016,245.85,28-03-2026,01:19:07,WEB,SUCCESSFUL,0,Weekend
TXN00683,CUST0180,RECV0073,1095.71,18-04-2026,23:20:13,WEB,SUCCESSFUL,1,Weekend
TXN00684,CUST0052,RECV0088,3015.13,21-04-2026,03:06:42,IOS,FAILED,0,Weekday
TXN00685,CUST0067,RECV0093,5940.99,26-03-2026,16:38:23,WEB,SUCCESSFUL,0,Weekday
TXN00686,CUST0108,RECV0028,2859.28,30-05-2026,19:07:02,WEB,SUCCESSFUL,0,Weekend
TXN00687,CUST0098,RECV0026,5604.83,19-02-2026,09:46:30,IOS,SUCCESSFUL,1,Weekday
TXN00688,CUST0079,RECV0125,1376.03,12-01-2026,17:22:57,IOS,SUCCESSFUL,0,Weekday
TXN00689,CUST0061,RECV0125,213.25,22-04-2026,00:10:38,WEB,SUCCESSFUL,0,Weekday
TXN00690,CUST0149,RECV0016,5763.49,12-01-2026,06:47:52,WEB,SUCCESSFUL,0,Weekday
TXN00691,CUST0039,RECV0131,2606.79,12-02-2026,12:38:17,IOS,SUCCESSFUL,0,Weekday
TXN00692,CUST0082,RECV0118,6324.16,27-05-2026,14:32:45,WEB,SUCCESSFUL,1,Weekday
TXN00693,CUST0156,RECV0034,2611.59,26-02-2026,07:02:34,ANDROID,SUCCESSFUL,0,Weekday
TXN00694,CUST0076,RECV0070,2367.91,13-03-2026,20:15:52,ANDROID,SUCCESSFUL,0,Weekday
TXN00695,CUST0001,RECV0012,1875.18,16-06-2026,02:45:56,IOS,SUCCESSFUL,0,Weekday
TXN00696,CUST0069,RECV0076,7144.32,15-04-2026,20:52:00,ANDROID,SUCCESSFUL,0,Weekday
TXN00697,CUST0144,RECV0073,4256.24,15-02-2026,03:46:47,WEB,SUCCESSFUL,0,Weekend
TXN00698,CUST0132,RECV0142,1922.61,10-06-2026,07:20:17,IOS,SUCCESSFUL,0,Weekday
TXN00699,CUST0203,RECV0112,2176.66,09-02-2026,02:31:11,IOS,SUCCESSFUL,0,Weekday
TXN00700,CUST0097,RECV0047,145.35,26-05-2026,09:10:56,ANDROID,SUCCESSFUL,0,Weekday
TXN00701,CUST0097,RECV0125,6786.31,18-01-2026,03:46:33,IOS,SUCCESSFUL,1,Weekend
TXN00702,CUST0052,RECV0029,131.31,07-04-2026,01:08:15,WEB,SUCCESSFUL,0,Weekday
TXN00703,CUST0074,RECV0003,1647.27,10-06-2026,17:47:52,ANDROID,SUCCESSFUL,0,Weekday
TXN00704,CUST0044,RECV0012,13269.09,21-02-2026,09:21:30,ANDROID,SUCCESSFUL,0,Weekend
TXN00705,CUST0137,RECV0006,1510.69,10-06-2026,17:18:06,ANDROID,SUCCESSFUL,0,Weekday
TXN00706,CUST0073,RECV0007,1203.72,01-01-2026,04:22:41,IOS,SUCCESSFUL,0,Weekday
TXN00707,CUST0197,RECV0029,725.38,25-06-2026,07:06:18,ANDROID,SUCCESSFUL,0,Weekday
TXN00708,CUST0171,RECV0022,281.17,31-01-2026,04:11:27,WEB,SUCCESSFUL,0,Weekend
TXN00709,CUST0093,RECV0078,2413.64,23-06-2026,11:56:06,IOS,SUCCESSFUL,0,Weekday
TXN00710,CUST0189,RECV0020,435.08,09-03-2026,20:09:20,ANDROID,SUCCESSFUL,0,Weekday
TXN00711,CUST0245,RECV0125,270.48,18-01-2026,04:05:20,IOS,SUCCESSFUL,0,Weekend
TXN00712,CUST0198,RECV0125,1035.99,01-04-2026,19:50:40,IOS,SUCCESSFUL,0,Weekday
TXN00713,CUST0126,RECV0128,2905.55,09-04-2026,17:34:52,IOS,SUCCESSFUL,0,Weekday
TXN00714,CUST0216,RECV0057,2510.14,15-05-2026,11:00:13,ANDROID,SUCCESSFUL,0,Weekday
TXN00715,CUST0186,RECV0035,151.6,23-05-2026,11:23:54,ANDROID,SUCCESSFUL,0,Weekend
TXN00716,CUST0151,RECV0013,1143.02,28-04-2026,07:13:52,IOS,SUCCESSFUL,0,Weekday
TXN00717,CUST0071,RECV0037,1380.3,31-01-2026,22:27:23,ANDROID,SUCCESSFUL,0,Weekend
TXN00718,CUST0038,RECV0041,4264.36,03-05-2026,07:04:00,ANDROID,SUCCESSFUL,1,Weekend
TXN00719,CUST0077,RECV0036,1940.54,16-02-2026,09:30:26,WEB,SUCCESSFUL,0,Weekday
TXN00720,CUST0007,RECV0073,866.58,15-03-2026,19:48:11,ANDROID,SUCCESSFUL,0,Weekend
TXN00721,CUST0203,RECV0117,1530.54,19-04-2026,18:32:19,IOS,SUCCESSFUL,0,Weekend
TXN00722,CUST0081,RECV0134,1230.75,11-03-2026,23:13:25,ANDROID,SUCCESSFUL,0,Weekday
TXN00723,CUST0201,RECV0144,3943.06,17-02-2026,22:29:30,ANDROID,SUCCESSFUL,0,Weekday
TXN00724,CUST0208,RECV0145,1410.06,08-04-2026,08:06:06,ANDROID,SUCCESSFUL,0,Weekday
TXN00725,CUST0172,RECV0141,1096.99,08-01-2026,06:38:00,ANDROID,SUCCESSFUL,0,Weekday
TXN00726,CUST0097,RECV0073,1641.67,22-05-2026,18:02:36,WEB,SUCCESSFUL,1,Weekday
TXN00727,CUST0183,RECV0025,2983.14,03-02-2026,16:06:32,WEB,SUCCESSFUL,0,Weekday
TXN00728,CUST0013,RECV0123,1441.51,31-05-2026,09:10:09,ANDROID,SUCCESSFUL,0,Weekend
TXN00729,CUST0048,RECV0037,2000.64,01-03-2026,16:33:46,ANDROID,SUCCESSFUL,0,Weekend
TXN00730,CUST0175,RECV0087,2459.95,25-04-2026,13:02:57,WEB,SUCCESSFUL,0,Weekend
TXN00731,CUST0199,RECV0012,1371.78,03-03-2026,18:40:31,ANDROID,SUCCESSFUL,0,Weekday
TXN00732,CUST0074,RECV0023,1051.79,21-03-2026,10:10:59,IOS,SUCCESSFUL,0,Weekend
TXN00733,CUST0144,RECV0023,11151.05,28-05-2026,08:30:16,IOS,SUCCESSFUL,1,Weekday
TXN00734,CUST0072,RECV0125,3291.34,01-02-2026,13:54:39,IOS,SUCCESSFUL,1,Weekend
TXN00735,CUST0226,RECV0081,1165.62,04-04-2026,13:32:28,WEB,SUCCESSFUL,0,Weekend
TXN00736,CUST0022,RECV0015,8401.82,08-06-2026,22:52:35,ANDROID,FAILED,0,Weekday
TXN00737,CUST0149,RECV0125,50.43,07-04-2026,12:55:29,ANDROID,SUCCESSFUL,0,Weekday
TXN00738,CUST0239,RECV0120,780.07,30-04-2026,12:49:27,ANDROID,SUCCESSFUL,1,Weekday
TXN00739,CUST0034,RECV0012,922.01,23-03-2026,23:30:07,WEB,SUCCESSFUL,0,Weekday
TXN00740,CUST0080,RECV0148,4904.53,01-05-2026,19:49:24,ANDROID,SUCCESSFUL,0,Weekday
TXN00741,CUST0221,RECV0148,180.68,02-05-2026,13:17:16,WEB,SUCCESSFUL,0,Weekend
TXN00742,CUST0073,RECV0087,67.16,18-01-2026,14:55:26,WEB,SUCCESSFUL,0,Weekend
TXN00743,CUST0133,RECV0024,147.42,17-02-2026,10:48:19,IOS,SUCCESSFUL,0,Weekday
TXN00744,CUST0215,RECV0042,216.88,04-05-2026,11:58:44,IOS,SUCCESSFUL,0,Weekday
TXN00745,CUST0102,RECV0149,118.98,20-01-2026,21:52:46,IOS,SUCCESSFUL,0,Weekday
TXN00746,CUST0163,RECV0088,1226.31,04-01-2026,10:07:50,IOS,SUCCESSFUL,0,Weekend
TXN00747,CUST0135,RECV0116,1614.75,14-05-2026,20:28:40,ANDROID,SUCCESSFUL,0,Weekday
TXN00748,CUST0019,RECV0049,620.64,25-02-2026,05:38:24,WEB,SUCCESSFUL,0,Weekday
TXN00749,CUST0098,RECV0004,964.36,23-06-2026,00:19:57,IOS,SUCCESSFUL,0,Weekday
TXN00750,CUST0256,RECV0106,223.12,16-06-2026,17:27:33,IOS,SUCCESSFUL,0,Weekday
TXN00751,CUST0059,RECV0096,788.06,15-02-2026,05:34:27,WEB,SUCCESSFUL,0,Weekend
TXN00752,CUST0224,RECV0012,1380.62,12-06-2026,02:51:53,ANDROID,SUCCESSFUL,0,Weekday
TXN00753,CUST0009,RECV0027,2422.01,07-06-2026,17:06:40,WEB,SUCCESSFUL,0,Weekend
TXN00754,CUST0017,RECV0125,171.1,20-06-2026,12:07:12,WEB,SUCCESSFUL,1,Weekend
TXN00755,CUST0180,RECV0102,2662.41,29-04-2026,16:18:17,ANDROID,SUCCESSFUL,1,Weekday
TXN00756,CUST0158,RECV0002,684.32,17-04-2026,01:00:01,IOS,SUCCESSFUL,0,Weekday
TXN00757,CUST0163,RECV0012,3499,27-03-2026,17:25:12,ANDROID,SUCCESSFUL,0,Weekday
TXN00758,CUST0027,RECV0100,2312.98,28-05-2026,12:57:20,ANDROID,SUCCESSFUL,0,Weekday
TXN00759,CUST0119,RECV0033,1650.97,26-01-2026,18:50:25,WEB,SUCCESSFUL,0,Weekday
TXN00760,CUST0134,RECV0145,634.48,22-05-2026,00:27:00,ANDROID,SUCCESSFUL,0,Weekday
TXN00761,CUST0079,RECV0140,4391.1,08-01-2026,18:24:01,ANDROID,SUCCESSFUL,0,Weekday
TXN00762,CUST0233,RECV0092,133.07,12-06-2026,07:19:12,WEB,SUCCESSFUL,0,Weekday
TXN00763,CUST0194,RECV0071,462.4,08-03-2026,20:37:55,ANDROID,SUCCESSFUL,1,Weekend
TXN00764,CUST0063,RECV0034,944.55,28-01-2026,02:31:54,ANDROID,SUCCESSFUL,0,Weekday
TXN00765,CUST0201,RECV0006,289.2,26-01-2026,20:04:13,IOS,SUCCESSFUL,0,Weekday
TXN00766,CUST0161,RECV0042,5689.5,12-06-2026,05:42:36,ANDROID,SUCCESSFUL,0,Weekday
TXN00767,CUST0061,RECV0124,2928.98,29-03-2026,17:00:10,WEB,SUCCESSFUL,0,Weekend
TXN00768,CUST0063,RECV0138,1487.65,19-02-2026,06:55:23,ANDROID,SUCCESSFUL,1,Weekday
TXN00769,CUST0016,RECV0087,1648.54,25-03-2026,08:17:30,ANDROID,SUCCESSFUL,0,Weekday
TXN00770,CUST0179,RECV0120,7314.65,22-05-2026,13:32:25,IOS,SUCCESSFUL,0,Weekday
TXN00771,CUST0089,RECV0072,3930.59,20-02-2026,18:50:49,ANDROID,SUCCESSFUL,0,Weekday
TXN00772,CUST0106,RECV0115,1702.92,05-05-2026,08:52:20,WEB,SUCCESSFUL,0,Weekday
TXN00773,CUST0197,RECV0145,4262.96,20-04-2026,02:28:10,WEB,SUCCESSFUL,0,Weekday
TXN00774,CUST0130,RECV0136,8198.26,31-05-2026,03:11:51,ANDROID,SUCCESSFUL,0,Weekend
TXN00775,CUST0184,RECV0026,2498.1,04-03-2026,10:07:00,ANDROID,SUCCESSFUL,0,Weekday
TXN00776,CUST0169,RECV0083,170.95,24-02-2026,02:24:18,WEB,SUCCESSFUL,0,Weekday
TXN00777,CUST0112,RECV0020,974.23,27-01-2026,13:43:48,WEB,SUCCESSFUL,0,Weekday
TXN00778,CUST0102,RECV0088,3324.35,20-02-2026,13:07:07,IOS,SUCCESSFUL,0,Weekday
TXN00779,CUST0168,RECV0148,801.3,01-06-2026,00:58:29,WEB,SUCCESSFUL,1,Weekday
TXN00780,CUST0019,RECV0011,3246.34,17-05-2026,02:30:06,ANDROID,SUCCESSFUL,0,Weekend
TXN00781,CUST0155,RECV0145,280.79,12-03-2026,10:31:39,WEB,FAILED,0,Weekday
TXN00782,CUST0233,RECV0032,136.55,07-05-2026,03:01:14,WEB,FAILED,0,Weekday
TXN00783,CUST0072,RECV0112,922.38,27-01-2026,06:46:57,ANDROID,SUCCESSFUL,0,Weekday
TXN00784,CUST0003,RECV0067,117.36,26-06-2026,03:03:19,ANDROID,SUCCESSFUL,0,Weekday
TXN00785,CUST0195,RECV0036,5725.15,11-03-2026,04:20:55,ANDROID,SUCCESSFUL,0,Weekday
TXN00786,CUST0212,RECV0032,3199.79,13-06-2026,18:30:42,ANDROID,SUCCESSFUL,0,Weekend
TXN00787,CUST0165,RECV0034,2953.93,04-05-2026,02:22:35,WEB,SUCCESSFUL,0,Weekday
TXN00788,CUST0106,RECV0088,2806.13,27-06-2026,14:52:24,ANDROID,SUCCESSFUL,1,Weekend
TXN00789,CUST0175,RECV0136,488.77,23-02-2026,09:45:29,IOS,SUCCESSFUL,0,Weekday
TXN00790,CUST0055,RECV0145,1364.63,03-02-2026,19:32:12,IOS,SUCCESSFUL,0,Weekday
TXN00791,CUST0036,RECV0079,1687.1,13-03-2026,20:06:09,WEB,SUCCESSFUL,0,Weekday
TXN00792,CUST0057,RECV0088,2164.64,03-03-2026,16:28:22,WEB,SUCCESSFUL,1,Weekday
TXN00793,CUST0044,RECV0039,592.56,01-04-2026,16:21:03,IOS,SUCCESSFUL,0,Weekday
TXN00794,CUST0051,RECV0109,1353.41,13-01-2026,12:11:38,ANDROID,SUCCESSFUL,0,Weekday
TXN00795,CUST0137,RECV0087,10146.45,03-03-2026,22:45:25,WEB,SUCCESSFUL,0,Weekday
TXN00796,CUST0113,RECV0148,7912.94,27-06-2026,09:45:38,WEB,SUCCESSFUL,1,Weekend
TXN00797,CUST0049,RECV0123,1170.44,17-02-2026,07:10:20,WEB,SUCCESSFUL,0,Weekday
TXN00798,CUST0096,RECV0037,1805.62,27-03-2026,15:27:21,WEB,FAILED,0,Weekday
TXN00799,CUST0040,RECV0003,2530.07,13-02-2026,18:00:31,IOS,SUCCESSFUL,0,Weekday
TXN00800,CUST0057,RECV0146,113.88,12-01-2026,07:33:32,IOS,SUCCESSFUL,0,Weekday
TXN00801,CUST0049,RECV0118,4105.48,26-01-2026,23:22:34,IOS,SUCCESSFUL,0,Weekday
TXN00802,CUST0130,RECV0091,3590.63,04-04-2026,16:49:42,IOS,SUCCESSFUL,0,Weekend
TXN00803,CUST0248,RECV0013,1150.6,29-01-2026,04:26:54,ANDROID,SUCCESSFUL,0,Weekday
TXN00804,CUST0183,RECV0012,943.19,08-05-2026,11:13:47,IOS,SUCCESSFUL,0,Weekday
TXN00805,CUST0056,RECV0140,623.79,12-03-2026,16:11:16,IOS,SUCCESSFUL,0,Weekday
TXN00806,CUST0170,RECV0071,1215.6,11-04-2026,18:33:44,ANDROID,SUCCESSFUL,0,Weekend
TXN00807,CUST0063,RECV0146,131.7,21-04-2026,09:07:00,IOS,SUCCESSFUL,0,Weekday
TXN00808,CUST0076,RECV0134,3491.33,30-04-2026,17:42:10,WEB,SUCCESSFUL,0,Weekday
TXN00809,CUST0034,RECV0073,114.92,17-03-2026,03:03:31,WEB,SUCCESSFUL,0,Weekday
TXN00810,CUST0181,RECV0013,768.31,19-06-2026,09:50:54,IOS,SUCCESSFUL,0,Weekday
TXN00811,CUST0080,RECV0037,4878.01,23-01-2026,13:37:58,ANDROID,SUCCESSFUL,0,Weekday
TXN00812,CUST0017,RECV0064,2441.89,02-05-2026,12:27:25,WEB,SUCCESSFUL,0,Weekend
TXN00813,CUST0134,RECV0045,644.79,19-03-2026,10:51:37,WEB,SUCCESSFUL,0,Weekday
TXN00814,CUST0094,RECV0112,59.17,07-04-2026,14:44:20,WEB,SUCCESSFUL,0,Weekday
TXN00815,CUST0184,RECV0120,2191.62,30-04-2026,14:01:58,IOS,SUCCESSFUL,0,Weekday
TXN00816,CUST0046,RECV0078,140.02,05-02-2026,16:23:08,WEB,SUCCESSFUL,0,Weekday
TXN00817,CUST0151,RECV0101,1419.04,14-01-2026,00:29:51,WEB,SUCCESSFUL,0,Weekday
TXN00818,CUST0236,RECV0034,5942.09,14-01-2026,03:21:38,WEB,SUCCESSFUL,0,Weekday
TXN00819,CUST0247,RECV0073,690.5,26-06-2026,23:45:03,WEB,SUCCESSFUL,1,Weekday
TXN00820,CUST0074,RECV0127,4097.94,24-05-2026,20:54:09,WEB,SUCCESSFUL,0,Weekend
TXN00821,CUST0004,RECV0052,12940.55,05-05-2026,03:33:06,WEB,SUCCESSFUL,1,Weekday
TXN00822,CUST0243,RECV0114,164.28,07-01-2026,09:25:30,ANDROID,SUCCESSFUL,0,Weekday
TXN00823,CUST0134,RECV0032,3910.6,06-06-2026,00:11:09,WEB,SUCCESSFUL,0,Weekend
TXN00824,CUST0124,RECV0140,1356.5,13-02-2026,09:18:42,IOS,SUCCESSFUL,0,Weekday
TXN00825,CUST0253,RECV0101,4315.89,05-04-2026,14:26:52,ANDROID,SUCCESSFUL,0,Weekend
TXN00826,CUST0146,RECV0125,3315.53,28-04-2026,20:57:42,WEB,SUCCESSFUL,1,Weekday
TXN00827,CUST0182,RECV0118,2003.07,05-02-2026,11:32:54,ANDROID,SUCCESSFUL,0,Weekday
TXN00828,CUST0179,RECV0017,1462.6,15-05-2026,11:41:46,ANDROID,SUCCESSFUL,0,Weekday
TXN00829,CUST0072,RECV0078,3647.72,13-03-2026,20:30:24,ANDROID,SUCCESSFUL,0,Weekday
TXN00830,CUST0093,RECV0130,2433.06,28-05-2026,08:08:44,WEB,SUCCESSFUL,0,Weekday
TXN00831,CUST0244,RECV0061,3697.11,24-03-2026,23:57:24,ANDROID,SUCCESSFUL,0,Weekday
TXN00832,CUST0033,RECV0030,1669.58,16-01-2026,11:38:40,IOS,SUCCESSFUL,1,Weekday
TXN00833,CUST0165,RECV0097,358.15,28-01-2026,18:35:12,WEB,SUCCESSFUL,0,Weekday
TXN00834,CUST0225,RECV0148,364.69,23-06-2026,16:51:50,IOS,SUCCESSFUL,0,Weekday
TXN00835,CUST0013,RECV0025,781.66,11-06-2026,00:23:49,ANDROID,SUCCESSFUL,0,Weekday
TXN00836,CUST0037,RECV0118,540.89,29-03-2026,20:33:31,WEB,SUCCESSFUL,0,Weekend
TXN00837,CUST0243,RECV0144,4838.99,09-05-2026,14:27:40,ANDROID,SUCCESSFUL,0,Weekend
TXN00838,CUST0041,RECV0077,251.36,02-02-2026,07:03:38,IOS,SUCCESSFUL,0,Weekday
TXN00839,CUST0115,RECV0065,2211.11,16-03-2026,02:55:55,IOS,SUCCESSFUL,0,Weekday
TXN00840,CUST0039,RECV0133,427.57,17-05-2026,09:25:39,WEB,SUCCESSFUL,0,Weekend
TXN00841,CUST0057,RECV0068,3891.2,30-05-2026,10:26:16,ANDROID,SUCCESSFUL,0,Weekend
TXN00842,CUST0072,RECV0085,5904.16,22-02-2026,01:15:31,WEB,SUCCESSFUL,0,Weekend
TXN00843,CUST0019,RECV0107,1177.46,30-03-2026,02:56:35,WEB,SUCCESSFUL,0,Weekday
TXN00844,CUST0139,RECV0088,3852.6,11-01-2026,11:27:30,WEB,SUCCESSFUL,0,Weekend
TXN00845,CUST0011,RECV0148,59.29,15-01-2026,21:43:47,IOS,FAILED,0,Weekday
TXN00846,CUST0027,RECV0033,3136.11,10-04-2026,17:08:07,IOS,SUCCESSFUL,0,Weekday
TXN00847,CUST0189,RECV0125,517.25,01-04-2026,07:05:37,ANDROID,FAILED,0,Weekday
TXN00848,CUST0161,RECV0063,52.02,31-03-2026,19:25:30,ANDROID,SUCCESSFUL,0,Weekday
TXN00849,CUST0040,RECV0013,1512.21,20-01-2026,23:52:22,WEB,SUCCESSFUL,0,Weekday
TXN00850,CUST0228,RECV0142,2593.75,19-03-2026,07:33:57,WEB,SUCCESSFUL,0,Weekday
TXN00851,CUST0258,RECV0125,588.8,27-01-2026,15:17:05,WEB,SUCCESSFUL,0,Weekday
TXN00852,CUST0119,RECV0054,436.27,20-03-2026,04:02:15,WEB,SUCCESSFUL,0,Weekday
TXN00853,CUST0233,RECV0073,208.12,30-01-2026,12:19:52,WEB,SUCCESSFUL,0,Weekday
TXN00854,CUST0143,RECV0005,761.3,06-06-2026,14:02:14,IOS,SUCCESSFUL,0,Weekend
TXN00855,CUST0221,RECV0034,4621.08,17-05-2026,19:48:57,ANDROID,SUCCESSFUL,1,Weekend
TXN00856,CUST0111,RECV0012,271.62,08-01-2026,23:59:47,IOS,SUCCESSFUL,0,Weekday
TXN00857,CUST0199,RECV0013,900.9,23-06-2026,23:36:49,WEB,SUCCESSFUL,0,Weekday
TXN00858,CUST0196,RECV0061,66.4,30-04-2026,08:51:43,ANDROID,SUCCESSFUL,0,Weekday
TXN00859,CUST0128,RECV0012,3123.48,19-05-2026,08:23:17,WEB,SUCCESSFUL,0,Weekday
TXN00860,CUST0007,RECV0026,603.58,01-02-2026,14:29:01,ANDROID,SUCCESSFUL,1,Weekend
TXN00861,CUST0161,RECV0067,83.48,17-01-2026,08:55:31,IOS,SUCCESSFUL,0,Weekend
TXN00862,CUST0090,RECV0013,3002.76,07-02-2026,21:32:55,ANDROID,SUCCESSFUL,1,Weekend
TXN00863,CUST0022,RECV0016,3350.01,22-05-2026,08:01:43,IOS,SUCCESSFUL,0,Weekday
TXN00864,CUST0023,RECV0087,2258.91,03-06-2026,02:15:13,WEB,SUCCESSFUL,1,Weekday
TXN00865,CUST0213,RECV0073,406.11,19-01-2026,19:50:23,IOS,SUCCESSFUL,0,Weekday
TXN00866,CUST0192,RECV0076,2572.16,01-05-2026,11:02:18,ANDROID,SUCCESSFUL,0,Weekday
TXN00867,CUST0014,RECV0081,2848.97,28-01-2026,16:50:37,WEB,SUCCESSFUL,0,Weekday
TXN00868,CUST0194,RECV0118,1190.58,30-05-2026,02:04:59,WEB,SUCCESSFUL,1,Weekend
TXN00869,CUST0258,RECV0108,2702.11,28-05-2026,16:51:03,ANDROID,SUCCESSFUL,0,Weekday
TXN00870,CUST0226,RECV0012,5347.58,23-03-2026,10:15:51,ANDROID,SUCCESSFUL,0,Weekday
TXN00871,CUST0119,RECV0087,377.55,27-04-2026,23:56:26,IOS,SUCCESSFUL,0,Weekday
TXN00872,CUST0259,RECV0124,2703.14,20-01-2026,13:14:36,IOS,SUCCESSFUL,0,Weekday
TXN00873,CUST0126,RECV0036,2269.33,15-04-2026,10:20:07,IOS,SUCCESSFUL,0,Weekday
TXN00874,CUST0259,RECV0051,1204.96,07-02-2026,00:10:07,IOS,SUCCESSFUL,0,Weekend
TXN00875,CUST0241,RECV0073,157.4,26-01-2026,22:10:04,ANDROID,SUCCESSFUL,0,Weekday
TXN00876,CUST0199,RECV0103,189.74,19-04-2026,22:18:07,ANDROID,SUCCESSFUL,0,Weekend
TXN00877,CUST0056,RECV0145,3494.03,12-01-2026,20:28:47,IOS,SUCCESSFUL,0,Weekday
TXN00878,CUST0245,RECV0141,8366.21,29-06-2026,16:05:09,WEB,SUCCESSFUL,0,Weekday
TXN00879,CUST0190,RECV0098,2078.91,22-06-2026,16:46:37,ANDROID,SUCCESSFUL,0,Weekday
TXN00880,CUST0119,RECV0013,1112.93,18-03-2026,18:32:54,WEB,SUCCESSFUL,0,Weekday
TXN00881,CUST0166,RECV0141,1927.24,09-04-2026,23:56:46,ANDROID,SUCCESSFUL,0,Weekday
TXN00882,CUST0143,RECV0081,3465.06,28-05-2026,09:17:31,ANDROID,SUCCESSFUL,1,Weekday
TXN00883,CUST0148,RECV0028,920.98,08-03-2026,08:09:06,WEB,SUCCESSFUL,0,Weekend
TXN00884,CUST0087,RECV0011,172.18,08-01-2026,17:51:12,WEB,FAILED,0,Weekday
TXN00885,CUST0190,RECV0012,3151.83,22-02-2026,16:08:53,IOS,SUCCESSFUL,0,Weekend
TXN00886,CUST0062,RECV0127,886.91,24-04-2026,08:46:42,ANDROID,SUCCESSFUL,0,Weekday
TXN00887,CUST0041,RECV0084,3124.53,26-02-2026,08:29:40,IOS,SUCCESSFUL,0,Weekday
TXN00888,CUST0038,RECV0073,573.86,26-06-2026,16:20:12,WEB,SUCCESSFUL,0,Weekday
TXN00889,CUST0019,RECV0063,51.85,12-06-2026,07:43:12,IOS,SUCCESSFUL,0,Weekday
TXN00890,CUST0249,RECV0073,1001.36,17-02-2026,16:54:46,ANDROID,SUCCESSFUL,1,Weekday
TXN00891,CUST0223,RECV0054,1187.83,18-01-2026,13:44:16,ANDROID,SUCCESSFUL,0,Weekend
TXN00892,CUST0121,RECV0013,5248.11,13-06-2026,09:53:14,ANDROID,SUCCESSFUL,0,Weekend
TXN00893,CUST0249,RECV0101,244.04,06-05-2026,15:18:06,WEB,SUCCESSFUL,0,Weekday
TXN00894,CUST0215,RECV0026,3516.06,25-04-2026,14:20:42,ANDROID,SUCCESSFUL,0,Weekend
TXN00895,CUST0204,RECV0124,1397.68,02-02-2026,19:26:43,IOS,SUCCESSFUL,0,Weekday
TXN00896,CUST0138,RECV0125,9729.89,10-05-2026,21:20:26,IOS,SUCCESSFUL,1,Weekend
TXN00897,CUST0218,RECV0073,687.84,13-04-2026,07:21:40,WEB,SUCCESSFUL,0,Weekday
TXN00898,CUST0230,RECV0141,3348.05,15-04-2026,03:39:39,WEB,SUCCESSFUL,0,Weekday
TXN00899,CUST0011,RECV0024,2717.64,06-01-2026,11:49:49,IOS,SUCCESSFUL,0,Weekday
TXN00900,CUST0026,RECV0013,944.32,13-05-2026,12:55:45,WEB,SUCCESSFUL,1,Weekday
TXN00901,CUST0192,RECV0142,303.44,26-03-2026,01:54:01,ANDROID,SUCCESSFUL,0,Weekday
TXN00902,CUST0053,RECV0125,7635.9,09-05-2026,07:40:49,ANDROID,SUCCESSFUL,1,Weekend
TXN00903,CUST0140,RECV0097,5995.86,01-02-2026,23:56:17,ANDROID,SUCCESSFUL,0,Weekend
TXN00904,CUST0038,RECV0107,320.14,10-05-2026,19:58:09,WEB,SUCCESSFUL,1,Weekend
TXN00905,CUST0201,RECV0080,2415.29,19-02-2026,16:47:01,IOS,SUCCESSFUL,0,Weekday
TXN00906,CUST0104,RECV0026,4374.82,26-01-2026,09:27:05,IOS,SUCCESSFUL,0,Weekday
TXN00907,CUST0143,RECV0118,3555.38,04-05-2026,12:01:31,ANDROID,SUCCESSFUL,0,Weekday
TXN00908,CUST0056,RECV0073,6059.84,26-04-2026,14:23:30,ANDROID,SUCCESSFUL,0,Weekend
TXN00909,CUST0160,RECV0026,2619.52,27-03-2026,17:10:13,ANDROID,SUCCESSFUL,0,Weekday
TXN00910,CUST0128,RECV0012,1101.08,22-01-2026,23:53:36,WEB,SUCCESSFUL,0,Weekday
TXN00911,CUST0253,RECV0087,723.01,06-03-2026,10:44:36,ANDROID,SUCCESSFUL,0,Weekday
TXN00912,CUST0138,RECV0013,746.16,26-06-2026,15:20:41,WEB,SUCCESSFUL,0,Weekday
TXN00913,CUST0248,RECV0021,2370,12-05-2026,22:04:24,IOS,SUCCESSFUL,0,Weekday
TXN00914,CUST0083,RECV0043,2515.6,14-05-2026,01:56:27,ANDROID,SUCCESSFUL,0,Weekday
TXN00915,CUST0250,RECV0141,452.47,05-02-2026,09:07:27,ANDROID,SUCCESSFUL,0,Weekday
TXN00916,CUST0139,RECV0145,3696.59,14-05-2026,04:18:33,ANDROID,SUCCESSFUL,0,Weekday
TXN00917,CUST0191,RECV0121,2309,13-05-2026,23:46:54,IOS,SUCCESSFUL,0,Weekday
TXN00918,CUST0243,RECV0141,2514.96,03-01-2026,09:44:12,ANDROID,SUCCESSFUL,1,Weekend
TXN00919,CUST0235,RECV0012,1197.99,26-03-2026,02:22:40,ANDROID,SUCCESSFUL,0,Weekday
TXN00920,CUST0177,RECV0148,1460.45,10-06-2026,18:46:19,IOS,SUCCESSFUL,0,Weekday
TXN00921,CUST0131,RECV0052,653.75,24-05-2026,06:17:11,WEB,SUCCESSFUL,1,Weekend
TXN00922,CUST0065,RECV0099,460.01,14-05-2026,19:17:51,WEB,SUCCESSFUL,0,Weekday
TXN00923,CUST0243,RECV0148,222.06,23-02-2026,19:09:09,ANDROID,SUCCESSFUL,0,Weekday
TXN00924,CUST0166,RECV0014,350.3,20-01-2026,13:42:30,IOS,SUCCESSFUL,0,Weekday
TXN00925,CUST0061,RECV0097,1138.24,03-03-2026,15:22:19,WEB,SUCCESSFUL,0,Weekday
TXN00926,CUST0041,RECV0043,1410.4,04-06-2026,22:09:53,IOS,SUCCESSFUL,0,Weekday
TXN00927,CUST0251,RECV0031,82.44,27-06-2026,20:22:11,IOS,FAILED,0,Weekend
TXN00928,CUST0239,RECV0125,7645.01,21-06-2026,12:23:11,ANDROID,SUCCESSFUL,1,Weekend
TXN00929,CUST0101,RECV0050,1435.94,24-04-2026,11:58:16,ANDROID,SUCCESSFUL,1,Weekday
TXN00930,CUST0140,RECV0123,4421.4,09-01-2026,22:16:17,WEB,SUCCESSFUL,0,Weekday
TXN00931,CUST0016,RECV0117,6218.35,01-05-2026,23:55:41,IOS,SUCCESSFUL,0,Weekday
TXN00932,CUST0020,RECV0118,1246.12,05-04-2026,02:26:53,ANDROID,SUCCESSFUL,1,Weekend
TXN00933,CUST0228,RECV0081,3018.17,13-06-2026,20:39:47,ANDROID,FAILED,1,Weekend
TXN00934,CUST0163,RECV0094,52.22,13-02-2026,12:26:53,WEB,SUCCESSFUL,0,Weekday
TXN00935,CUST0034,RECV0129,1691.81,19-02-2026,02:11:28,IOS,FAILED,0,Weekday
TXN00936,CUST0102,RECV0045,1732.51,26-06-2026,09:17:35,ANDROID,SUCCESSFUL,0,Weekday
TXN00937,CUST0239,RECV0023,561.93,26-05-2026,02:07:58,IOS,SUCCESSFUL,0,Weekday
TXN00938,CUST0045,RECV0026,1521.28,17-02-2026,00:13:40,ANDROID,SUCCESSFUL,0,Weekday
TXN00939,CUST0127,RECV0049,510.06,20-03-2026,04:19:03,WEB,SUCCESSFUL,0,Weekday
TXN00940,CUST0092,RECV0145,365.61,13-03-2026,08:56:12,ANDROID,SUCCESSFUL,0,Weekday
TXN00941,CUST0133,RECV0024,1947.51,28-06-2026,11:22:49,WEB,SUCCESSFUL,0,Weekend
TXN00942,CUST0088,RECV0150,759.95,10-01-2026,18:13:44,WEB,SUCCESSFUL,0,Weekend
TXN00943,CUST0112,RECV0087,1072.1,30-04-2026,05:30:08,WEB,SUCCESSFUL,0,Weekday
TXN00944,CUST0191,RECV0009,7533.27,25-05-2026,20:22:55,ANDROID,SUCCESSFUL,0,Weekday
TXN00945,CUST0216,RECV0026,341.65,02-05-2026,11:19:10,ANDROID,SUCCESSFUL,0,Weekend
TXN00946,CUST0012,RECV0117,1174.53,23-04-2026,13:46:25,WEB,SUCCESSFUL,0,Weekday
TXN00947,CUST0130,RECV0124,2103.55,06-04-2026,01:59:56,IOS,SUCCESSFUL,0,Weekday
TXN00948,CUST0056,RECV0069,956.17,18-04-2026,18:01:10,IOS,SUCCESSFUL,0,Weekend
TXN00949,CUST0102,RECV0034,6668.5,26-05-2026,02:19:50,ANDROID,SUCCESSFUL,0,Weekday
TXN00950,CUST0235,RECV0073,2353.51,12-04-2026,05:19:19,ANDROID,SUCCESSFUL,0,Weekend
TXN00951,CUST0105,RECV0148,5158.63,22-04-2026,00:30:10,IOS,SUCCESSFUL,1,Weekday
TXN00952,CUST0202,RECV0088,2596.89,28-06-2026,22:15:48,IOS,SUCCESSFUL,0,Weekend
TXN00953,CUST0066,RECV0035,5540.29,23-03-2026,09:52:43,IOS,SUCCESSFUL,0,Weekday
TXN00954,CUST0202,RECV0088,4341.2,17-05-2026,00:14:56,WEB,SUCCESSFUL,0,Weekend
TXN00955,CUST0189,RECV0073,2369.1,03-04-2026,02:41:14,IOS,SUCCESSFUL,0,Weekday
TXN00956,CUST0023,RECV0087,2539.3,24-02-2026,05:27:09,WEB,SUCCESSFUL,0,Weekday
TXN00957,CUST0178,RECV0104,245.24,25-06-2026,05:20:08,ANDROID,SUCCESSFUL,0,Weekday
TXN00958,CUST0233,RECV0103,1572.94,03-01-2026,09:27:16,ANDROID,SUCCESSFUL,0,Weekend
TXN00959,CUST0231,RECV0122,83.37,09-05-2026,11:07:50,WEB,SUCCESSFUL,0,Weekend
TXN00960,CUST0197,RECV0073,1235.24,22-06-2026,18:16:12,WEB,SUCCESSFUL,0,Weekday
TXN00961,CUST0233,RECV0034,1537.33,22-04-2026,11:03:56,IOS,SUCCESSFUL,1,Weekday
TXN00962,CUST0130,RECV0034,814.41,19-04-2026,17:17:11,ANDROID,SUCCESSFUL,0,Weekend
TXN00963,CUST0009,RECV0026,4724.49,25-04-2026,01:34:47,WEB,SUCCESSFUL,1,Weekend
TXN00964,CUST0044,RECV0118,12811.64,17-05-2026,11:29:44,IOS,SUCCESSFUL,1,Weekend
TXN00965,CUST0235,RECV0145,503.8,11-01-2026,20:51:56,WEB,SUCCESSFUL,1,Weekend
TXN00966,CUST0041,RECV0078,1425.36,28-03-2026,05:47:16,ANDROID,SUCCESSFUL,0,Weekend
TXN00967,CUST0041,RECV0050,3904.88,21-04-2026,19:32:34,IOS,SUCCESSFUL,0,Weekday
TXN00968,CUST0026,RECV0056,205,06-04-2026,08:47:44,IOS,SUCCESSFUL,0,Weekday
TXN00969,CUST0257,RECV0125,3182.35,21-06-2026,09:17:00,WEB,SUCCESSFUL,0,Weekend
TXN00970,CUST0213,RECV0034,847.14,18-06-2026,10:06:14,WEB,SUCCESSFUL,0,Weekday
TXN00971,CUST0167,RECV0034,749.75,26-02-2026,14:37:26,WEB,SUCCESSFUL,0,Weekday
TXN00972,CUST0200,RECV0004,6876.94,02-05-2026,11:52:28,IOS,SUCCESSFUL,0,Weekend
TXN00973,CUST0256,RECV0044,453.59,23-02-2026,12:02:42,IOS,SUCCESSFUL,0,Weekday
TXN00974,CUST0250,RECV0022,2176.77,24-05-2026,11:19:18,WEB,SUCCESSFUL,0,Weekend
TXN00975,CUST0240,RECV0012,3151.1,08-01-2026,18:27:26,IOS,SUCCESSFUL,0,Weekday
TXN00976,CUST0146,RECV0061,125.7,23-05-2026,04:24:38,WEB,SUCCESSFUL,0,Weekend
TXN00977,CUST0050,RECV0087,2047.7,12-04-2026,05:49:49,ANDROID,SUCCESSFUL,0,Weekend
TXN00978,CUST0210,RECV0108,5499,01-04-2026,10:49:23,IOS,SUCCESSFUL,0,Weekday
TXN00979,CUST0163,RECV0101,288.75,09-05-2026,15:48:29,IOS,SUCCESSFUL,0,Weekend
TXN00980,CUST0081,RECV0001,4127.89,15-02-2026,14:41:11,IOS,SUCCESSFUL,0,Weekend
TXN00981,CUST0197,RECV0108,1675.97,29-05-2026,00:39:14,WEB,SUCCESSFUL,0,Weekday
TXN00982,CUST0258,RECV0105,1775.64,21-01-2026,19:15:10,IOS,SUCCESSFUL,0,Weekday
TXN00983,CUST0047,RECV0012,1758.54,05-04-2026,12:35:32,WEB,SUCCESSFUL,0,Weekend
TXN00984,CUST0235,RECV0062,689.02,05-04-2026,06:20:08,WEB,SUCCESSFUL,0,Weekend
TXN00985,CUST0106,RECV0063,4975.66,28-05-2026,07:50:11,IOS,SUCCESSFUL,0,Weekday
TXN00986,CUST0209,RECV0099,1816.96,14-05-2026,08:56:45,IOS,SUCCESSFUL,0,Weekday
TXN00987,CUST0013,RECV0016,2803.65,23-04-2026,23:49:02,IOS,SUCCESSFUL,0,Weekday
TXN00988,CUST0226,RECV0027,1755.35,20-04-2026,18:48:50,IOS,SUCCESSFUL,0,Weekday
TXN00989,CUST0188,RECV0037,1242.36,16-04-2026,06:16:06,IOS,SUCCESSFUL,0,Weekday
TXN00990,CUST0038,RECV0126,1996.2,28-04-2026,10:18:44,IOS,SUCCESSFUL,0,Weekday
TXN00991,CUST0133,RECV0073,1499.36,26-05-2026,16:18:01,ANDROID,SUCCESSFUL,0,Weekday
TXN00992,CUST0186,RECV0118,4672.03,16-03-2026,22:28:43,IOS,SUCCESSFUL,1,Weekday
TXN00993,CUST0066,RECV0099,2807.06,07-02-2026,00:54:13,ANDROID,SUCCESSFUL,0,Weekend
TXN00994,CUST0007,RECV0131,1230.2,08-03-2026,12:30:39,WEB,SUCCESSFUL,0,Weekend
TXN00995,CUST0080,RECV0081,124.89,31-05-2026,15:41:10,IOS,SUCCESSFUL,0,Weekend
TXN00996,CUST0090,RECV0004,372.43,04-05-2026,10:14:19,ANDROID,SUCCESSFUL,0,Weekday
TXN00997,CUST0143,RECV0031,1089.2,05-06-2026,15:29:36,IOS,SUCCESSFUL,0,Weekday
TXN00998,CUST0117,RECV0009,2372.64,21-02-2026,10:32:04,ANDROID,SUCCESSFUL,0,Weekend
TXN00999,CUST0041,RECV0134,1669.33,15-01-2026,23:11:44,IOS,SUCCESSFUL,0,Weekday
TXN01000,CUST0117,RECV0046,5276.69,26-06-2026,08:05:47,WEB,SUCCESSFUL,1,Weekday
TXN01001,CUST0068,RECV0148,1224.57,14-05-2026,18:30:29,WEB,SUCCESSFUL,0,Weekday
TXN01002,CUST0164,RECV0088,2952.84,12-06-2026,03:34:37,ANDROID,SUCCESSFUL,1,Weekday
TXN01003,CUST0154,RECV0125,768.22,26-05-2026,23:56:28,ANDROID,SUCCESSFUL,0,Weekday
TXN01004,CUST0234,RECV0125,1193.4,01-01-2026,20:11:21,IOS,SUCCESSFUL,0,Weekday
TXN01005,CUST0146,RECV0013,2504.6,15-06-2026,21:35:32,IOS,SUCCESSFUL,0,Weekday
TXN01006,CUST0156,RECV0114,1073.39,25-01-2026,17:52:11,WEB,SUCCESSFUL,0,Weekend
TXN01007,CUST0119,RECV0034,130.36,24-02-2026,15:06:43,WEB,SUCCESSFUL,0,Weekday
TXN01008,CUST0108,RECV0083,367.42,27-05-2026,05:54:10,IOS,SUCCESSFUL,0,Weekday
TXN01009,CUST0167,RECV0107,87.95,13-05-2026,07:59:16,IOS,SUCCESSFUL,0,Weekday
TXN01010,CUST0190,RECV0118,5850.89,07-02-2026,09:27:36,IOS,SUCCESSFUL,1,Weekend
TXN01011,CUST0003,RECV0125,777.09,14-04-2026,14:49:17,ANDROID,FAILED,0,Weekday
TXN01012,CUST0104,RECV0066,1457.48,23-02-2026,00:20:27,IOS,SUCCESSFUL,0,Weekday
TXN01013,CUST0103,RECV0113,1273.62,25-02-2026,02:15:10,ANDROID,SUCCESSFUL,0,Weekday
TXN01014,CUST0241,RECV0100,203.08,12-01-2026,15:15:17,WEB,SUCCESSFUL,0,Weekday
TXN01015,CUST0193,RECV0026,979.3,16-01-2026,11:28:59,WEB,SUCCESSFUL,0,Weekday
TXN01016,CUST0069,RECV0118,498.53,19-01-2026,04:37:19,ANDROID,SUCCESSFUL,0,Weekday
TXN01017,CUST0046,RECV0012,1025.55,23-04-2026,08:35:33,WEB,SUCCESSFUL,0,Weekday
TXN01018,CUST0012,RECV0018,459.73,05-02-2026,22:47:20,WEB,SUCCESSFUL,0,Weekday
TXN01019,CUST0229,RECV0088,3353.74,24-02-2026,10:12:43,IOS,SUCCESSFUL,0,Weekday
TXN01020,CUST0131,RECV0006,394.51,04-06-2026,13:27:25,WEB,SUCCESSFUL,0,Weekday
TXN01021,CUST0031,RECV0145,5879.45,12-05-2026,16:55:51,ANDROID,SUCCESSFUL,0,Weekday
TXN01022,CUST0252,RECV0018,1017.85,14-03-2026,02:35:49,WEB,SUCCESSFUL,0,Weekend
TXN01023,CUST0045,RECV0049,3420.31,27-05-2026,13:52:17,WEB,SUCCESSFUL,0,Weekday
TXN01024,CUST0078,RECV0141,1833.66,16-06-2026,14:33:49,IOS,SUCCESSFUL,0,Weekday
TXN01025,CUST0011,RECV0002,2442.83,13-04-2026,00:00:14,IOS,SUCCESSFUL,0,Weekday
TXN01026,CUST0133,RECV0084,2677.69,27-02-2026,21:12:49,WEB,SUCCESSFUL,0,Weekday
TXN01027,CUST0079,RECV0053,1315.19,18-02-2026,00:34:38,ANDROID,SUCCESSFUL,0,Weekday
TXN01028,CUST0066,RECV0087,1460.71,19-05-2026,07:42:13,IOS,SUCCESSFUL,0,Weekday
TXN01029,CUST0218,RECV0148,1348.77,11-03-2026,04:56:57,ANDROID,SUCCESSFUL,0,Weekday
TXN01030,CUST0193,RECV0054,1646.37,07-01-2026,14:25:12,IOS,SUCCESSFUL,0,Weekday
TXN01031,CUST0064,RECV0130,103.7,24-01-2026,16:07:10,WEB,SUCCESSFUL,0,Weekend
TXN01032,CUST0251,RECV0082,956.08,04-06-2026,02:51:32,ANDROID,SUCCESSFUL,0,Weekday
TXN01033,CUST0058,RECV0125,1727.39,27-04-2026,03:22:23,IOS,SUCCESSFUL,0,Weekday
TXN01034,CUST0223,RECV0118,4707.83,16-06-2026,15:01:17,IOS,SUCCESSFUL,1,Weekday
TXN01035,CUST0024,RECV0046,2884.68,06-02-2026,16:09:08,ANDROID,SUCCESSFUL,0,Weekday
TXN01036,CUST0032,RECV0076,1965.63,02-06-2026,05:26:11,IOS,SUCCESSFUL,0,Weekday
TXN01037,CUST0078,RECV0087,8771.21,21-06-2026,15:13:19,ANDROID,SUCCESSFUL,0,Weekend
TXN01038,CUST0136,RECV0073,650.97,09-06-2026,01:47:55,IOS,SUCCESSFUL,0,Weekday
TXN01039,CUST0024,RECV0135,850.93,19-05-2026,00:22:57,ANDROID,SUCCESSFUL,0,Weekday
TXN01040,CUST0034,RECV0119,921.67,29-01-2026,14:08:54,WEB,SUCCESSFUL,0,Weekday
TXN01041,CUST0001,RECV0066,1178.62,21-03-2026,17:23:39,WEB,SUCCESSFUL,0,Weekend
TXN01042,CUST0245,RECV0147,3304.18,07-05-2026,16:08:51,ANDROID,SUCCESSFUL,0,Weekday
TXN01043,CUST0043,RECV0073,534.05,25-01-2026,07:14:16,ANDROID,SUCCESSFUL,0,Weekend
TXN01044,CUST0155,RECV0119,2743,26-03-2026,16:36:56,WEB,SUCCESSFUL,0,Weekday
TXN01045,CUST0168,RECV0038,985.49,19-04-2026,23:57:51,ANDROID,SUCCESSFUL,0,Weekend
TXN01046,CUST0102,RECV0026,5275.98,16-02-2026,12:20:00,ANDROID,SUCCESSFUL,1,Weekday
TXN01047,CUST0177,RECV0148,1852.06,18-02-2026,14:39:16,ANDROID,SUCCESSFUL,0,Weekday
TXN01048,CUST0144,RECV0087,889.82,17-06-2026,08:21:51,ANDROID,SUCCESSFUL,0,Weekday
TXN01049,CUST0234,RECV0145,1343.66,19-06-2026,02:50:23,IOS,SUCCESSFUL,0,Weekday
TXN01050,CUST0065,RECV0088,1009.01,25-01-2026,17:45:18,ANDROID,SUCCESSFUL,0,Weekend
TXN01051,CUST0158,RECV0022,178.95,26-04-2026,05:25:52,WEB,SUCCESSFUL,0,Weekend
TXN01052,CUST0100,RECV0057,1084.59,06-02-2026,23:47:22,ANDROID,SUCCESSFUL,0,Weekday
TXN01053,CUST0025,RECV0059,234.44,17-05-2026,05:23:10,WEB,SUCCESSFUL,0,Weekend
TXN01054,CUST0116,RECV0109,984.61,08-02-2026,01:25:18,IOS,SUCCESSFUL,0,Weekend
TXN01055,CUST0216,RECV0035,1667.73,02-05-2026,00:04:16,IOS,SUCCESSFUL,0,Weekend
TXN01056,CUST0160,RECV0018,3734.09,23-02-2026,15:52:10,ANDROID,SUCCESSFUL,1,Weekday
TXN01057,CUST0201,RECV0101,2005.79,10-02-2026,11:04:14,ANDROID,SUCCESSFUL,0,Weekday
TXN01058,CUST0072,RECV0118,230.2,13-04-2026,04:13:28,WEB,SUCCESSFUL,0,Weekday
TXN01059,CUST0168,RECV0134,1950.63,03-01-2026,20:38:30,ANDROID,SUCCESSFUL,0,Weekend
TXN01060,CUST0153,RECV0117,723.53,01-02-2026,10:56:17,WEB,SUCCESSFUL,0,Weekend
TXN01061,CUST0196,RECV0088,966.63,07-03-2026,22:44:55,ANDROID,SUCCESSFUL,0,Weekend
TXN01062,CUST0116,RECV0118,3563.3,14-05-2026,11:15:55,WEB,SUCCESSFUL,0,Weekday
TXN01063,CUST0222,RECV0087,66.33,18-04-2026,23:46:17,IOS,SUCCESSFUL,0,Weekend
TXN01064,CUST0169,RECV0065,1647.92,18-04-2026,00:06:45,ANDROID,SUCCESSFUL,0,Weekend
TXN01065,CUST0254,RECV0069,1693.55,26-02-2026,15:35:38,WEB,SUCCESSFUL,0,Weekday
TXN01066,CUST0196,RECV0026,959.49,11-01-2026,07:23:37,ANDROID,SUCCESSFUL,0,Weekend
TXN01067,CUST0216,RECV0011,536.96,11-04-2026,14:36:55,IOS,SUCCESSFUL,0,Weekend
TXN01068,CUST0222,RECV0056,531.42,21-06-2026,20:21:06,ANDROID,SUCCESSFUL,0,Weekend
TXN01069,CUST0015,RECV0065,3923,27-04-2026,11:22:15,WEB,SUCCESSFUL,0,Weekday
TXN01070,CUST0167,RECV0068,1100.19,28-04-2026,06:35:49,ANDROID,SUCCESSFUL,0,Weekday
TXN01071,CUST0165,RECV0045,773.25,13-04-2026,10:22:39,ANDROID,SUCCESSFUL,0,Weekday
TXN01072,CUST0163,RECV0118,2594.46,20-03-2026,15:40:11,WEB,SUCCESSFUL,1,Weekday
TXN01073,CUST0136,RECV0113,2042.27,05-05-2026,05:20:01,ANDROID,SUCCESSFUL,0,Weekday
TXN01074,CUST0159,RECV0144,333.57,10-05-2026,17:11:25,WEB,SUCCESSFUL,0,Weekend
TXN01075,CUST0102,RECV0012,1124.25,24-01-2026,12:54:16,WEB,SUCCESSFUL,0,Weekend
TXN01076,CUST0182,RECV0125,5615.07,12-04-2026,19:36:05,IOS,SUCCESSFUL,1,Weekend
TXN01077,CUST0227,RECV0141,5392.03,11-01-2026,00:31:14,IOS,SUCCESSFUL,0,Weekend
TXN01078,CUST0126,RECV0056,573.9,27-02-2026,07:01:54,IOS,SUCCESSFUL,0,Weekday
TXN01079,CUST0213,RECV0146,851.21,23-05-2026,16:37:25,ANDROID,SUCCESSFUL,0,Weekend
TXN01080,CUST0134,RECV0068,908.6,04-04-2026,07:20:34,IOS,SUCCESSFUL,0,Weekend
TXN01081,CUST0069,RECV0064,1724.42,24-03-2026,04:06:58,WEB,SUCCESSFUL,0,Weekday
TXN01082,CUST0244,RECV0012,844.15,18-05-2026,22:44:41,IOS,SUCCESSFUL,0,Weekday
TXN01083,CUST0239,RECV0014,1422.54,10-03-2026,15:37:27,IOS,SUCCESSFUL,0,Weekday
TXN01084,CUST0012,RECV0015,2790.14,24-05-2026,22:09:04,IOS,SUCCESSFUL,0,Weekend
TXN01085,CUST0142,RECV0118,6064.18,26-05-2026,22:48:08,IOS,SUCCESSFUL,1,Weekday
TXN01086,CUST0232,RECV0078,1114.26,21-03-2026,16:26:09,WEB,SUCCESSFUL,0,Weekend
TXN01087,CUST0162,RECV0014,3644.04,02-01-2026,18:07:49,IOS,SUCCESSFUL,0,Weekday
TXN01088,CUST0033,RECV0042,1520.17,16-05-2026,19:49:48,ANDROID,SUCCESSFUL,0,Weekend
TXN01089,CUST0016,RECV0031,1447.38,16-06-2026,12:36:44,ANDROID,SUCCESSFUL,0,Weekday
TXN01090,CUST0209,RECV0036,112.61,08-04-2026,03:19:22,ANDROID,SUCCESSFUL,0,Weekday
TXN01091,CUST0130,RECV0034,7825.03,08-05-2026,11:41:40,ANDROID,SUCCESSFUL,0,Weekday
TXN01092,CUST0049,RECV0012,748.17,15-05-2026,11:06:10,WEB,FAILED,1,Weekday
TXN01093,CUST0007,RECV0034,1731.61,02-01-2026,11:54:04,WEB,SUCCESSFUL,1,Weekday
TXN01094,CUST0256,RECV0089,145.55,16-02-2026,04:38:23,WEB,SUCCESSFUL,0,Weekday
TXN01095,CUST0091,RECV0088,2979.97,10-05-2026,03:51:59,WEB,SUCCESSFUL,1,Weekend
TXN01096,CUST0056,RECV0133,508.11,31-03-2026,15:12:38,ANDROID,SUCCESSFUL,0,Weekday
TXN01097,CUST0173,RECV0141,407.23,27-04-2026,03:42:35,IOS,SUCCESSFUL,0,Weekday
TXN01098,CUST0051,RECV0026,246.28,14-05-2026,18:36:44,WEB,SUCCESSFUL,0,Weekday
TXN01099,CUST0103,RECV0088,1631.63,14-03-2026,20:27:25,IOS,SUCCESSFUL,0,Weekend
TXN01100,CUST0252,RECV0083,2147.75,07-01-2026,12:19:31,WEB,SUCCESSFUL,0,Weekday
TXN01101,CUST0029,RECV0049,961.64,16-05-2026,18:47:57,IOS,SUCCESSFUL,0,Weekend
TXN01102,CUST0161,RECV0013,1226.71,13-01-2026,06:22:34,IOS,SUCCESSFUL,0,Weekday
TXN01103,CUST0223,RECV0046,2134.87,11-05-2026,22:02:58,WEB,SUCCESSFUL,0,Weekday
TXN01104,CUST0096,RECV0019,81.56,26-02-2026,06:36:40,IOS,SUCCESSFUL,0,Weekday
TXN01105,CUST0196,RECV0030,752.5,22-02-2026,07:42:52,ANDROID,SUCCESSFUL,0,Weekend
TXN01106,CUST0091,RECV0096,6557.98,10-04-2026,01:09:09,IOS,SUCCESSFUL,0,Weekday
TXN01107,CUST0133,RECV0080,1611.98,19-04-2026,23:58:17,WEB,SUCCESSFUL,0,Weekend
TXN01108,CUST0213,RECV0049,578,16-04-2026,08:38:00,IOS,SUCCESSFUL,0,Weekday
TXN01109,CUST0022,RECV0033,1377.64,28-06-2026,02:40:07,ANDROID,SUCCESSFUL,0,Weekend
TXN01110,CUST0035,RECV0043,805.18,16-02-2026,21:45:59,IOS,SUCCESSFUL,0,Weekday
TXN01111,CUST0147,RECV0067,1417.66,14-03-2026,12:52:56,ANDROID,SUCCESSFUL,0,Weekend
TXN01112,CUST0255,RECV0073,291.88,21-02-2026,03:14:02,ANDROID,SUCCESSFUL,0,Weekend
TXN01113,CUST0043,RECV0062,306.3,27-06-2026,14:47:09,IOS,SUCCESSFUL,0,Weekend
TXN01114,CUST0258,RECV0082,502.71,18-02-2026,10:55:16,ANDROID,SUCCESSFUL,1,Weekday
TXN01115,CUST0237,RECV0015,5108.74,21-02-2026,09:32:04,ANDROID,SUCCESSFUL,0,Weekend
TXN01116,CUST0100,RECV0113,5777,27-03-2026,19:33:18,ANDROID,SUCCESSFUL,1,Weekday
TXN01117,CUST0163,RECV0087,368.95,15-01-2026,00:39:46,WEB,SUCCESSFUL,0,Weekday
TXN01118,CUST0190,RECV0087,425.63,10-01-2026,12:00:36,ANDROID,SUCCESSFUL,0,Weekend
TXN01119,CUST0062,RECV0010,2412.34,27-02-2026,00:41:52,ANDROID,SUCCESSFUL,0,Weekday
TXN01120,CUST0198,RECV0100,355.63,14-03-2026,07:43:31,WEB,SUCCESSFUL,0,Weekend
TXN01121,CUST0233,RECV0040,531.15,03-05-2026,07:09:18,IOS,SUCCESSFUL,0,Weekend
TXN01122,CUST0199,RECV0095,6001.26,07-03-2026,09:09:02,IOS,SUCCESSFUL,0,Weekend
TXN01123,CUST0117,RECV0026,580.61,13-04-2026,13:56:26,IOS,SUCCESSFUL,0,Weekday
TXN01124,CUST0228,RECV0087,2000.52,10-04-2026,04:46:33,IOS,SUCCESSFUL,0,Weekday
TXN01125,CUST0098,RECV0118,6972.49,26-05-2026,11:57:29,WEB,SUCCESSFUL,0,Weekday
TXN01126,CUST0192,RECV0125,1535.23,14-06-2026,14:19:57,WEB,SUCCESSFUL,1,Weekend
TXN01127,CUST0212,RECV0145,81.81,14-01-2026,21:24:59,ANDROID,SUCCESSFUL,0,Weekday
TXN01128,CUST0227,RECV0099,553.84,07-01-2026,08:47:43,ANDROID,SUCCESSFUL,0,Weekday
TXN01129,CUST0206,RECV0051,3248.83,28-05-2026,14:15:55,IOS,SUCCESSFUL,0,Weekday
TXN01130,CUST0162,RECV0136,3649.26,06-06-2026,21:06:50,ANDROID,SUCCESSFUL,0,Weekend
TXN01131,CUST0005,RECV0087,2683.87,14-01-2026,06:47:09,IOS,SUCCESSFUL,0,Weekday
TXN01132,CUST0034,RECV0081,266.06,03-04-2026,15:21:45,IOS,SUCCESSFUL,0,Weekday
TXN01133,CUST0052,RECV0141,5049.16,24-05-2026,13:10:35,WEB,SUCCESSFUL,1,Weekend
TXN01134,CUST0144,RECV0064,4566.81,26-06-2026,04:58:28,WEB,SUCCESSFUL,0,Weekday
TXN01135,CUST0070,RECV0123,1702.07,08-04-2026,18:44:52,ANDROID,SUCCESSFUL,0,Weekday
TXN01136,CUST0094,RECV0126,5140.59,25-04-2026,11:56:21,WEB,SUCCESSFUL,0,Weekend
TXN01137,CUST0036,RECV0034,3206.36,15-02-2026,03:59:50,ANDROID,SUCCESSFUL,0,Weekend
TXN01138,CUST0165,RECV0022,2029.15,16-03-2026,00:39:57,IOS,SUCCESSFUL,0,Weekday
TXN01139,CUST0187,RECV0034,1599.48,06-03-2026,15:20:57,ANDROID,SUCCESSFUL,0,Weekday
TXN01140,CUST0123,RECV0088,821.46,29-06-2026,01:17:47,IOS,SUCCESSFUL,0,Weekday
TXN01141,CUST0235,RECV0013,1175.36,18-06-2026,00:47:36,WEB,FAILED,1,Weekday
TXN01142,CUST0103,RECV0010,1721.76,01-05-2026,22:24:21,IOS,SUCCESSFUL,0,Weekday
TXN01143,CUST0218,RECV0034,739.2,15-04-2026,08:35:12,WEB,SUCCESSFUL,0,Weekday
TXN01144,CUST0043,RECV0022,3673.75,26-04-2026,16:57:07,IOS,FAILED,0,Weekend
TXN01145,CUST0055,RECV0145,23979.74,04-03-2026,02:55:04,ANDROID,FAILED,1,Weekday
TXN01146,CUST0175,RECV0012,2562.9,08-06-2026,20:55:21,IOS,SUCCESSFUL,0,Weekday
TXN01147,CUST0063,RECV0052,220.71,15-01-2026,05:05:45,ANDROID,SUCCESSFUL,0,Weekday
TXN01148,CUST0222,RECV0073,663.15,25-06-2026,10:40:33,IOS,SUCCESSFUL,0,Weekday
TXN01149,CUST0254,RECV0121,257.96,04-06-2026,18:55:55,WEB,SUCCESSFUL,0,Weekday
TXN01150,CUST0260,RECV0148,1942.31,02-01-2026,18:12:44,WEB,SUCCESSFUL,0,Weekday
TXN01151,CUST0097,RECV0059,2658.17,17-02-2026,18:18:38,WEB,SUCCESSFUL,0,Weekday
TXN01152,CUST0147,RECV0089,4728.75,25-02-2026,00:41:56,WEB,SUCCESSFUL,0,Weekday
TXN01153,CUST0145,RECV0087,1087.81,11-02-2026,01:39:48,WEB,SUCCESSFUL,0,Weekday
TXN01154,CUST0229,RECV0023,4219.59,04-01-2026,22:43:38,IOS,SUCCESSFUL,0,Weekend
TXN01155,CUST0135,RECV0123,3835.12,23-03-2026,15:20:34,IOS,SUCCESSFUL,0,Weekday
TXN01156,CUST0117,RECV0118,1790.29,31-05-2026,10:59:50,IOS,SUCCESSFUL,1,Weekend
TXN01157,CUST0238,RECV0037,3707.24,29-04-2026,13:01:55,IOS,SUCCESSFUL,0,Weekday
TXN01158,CUST0196,RECV0145,2768.12,11-06-2026,05:09:37,WEB,SUCCESSFUL,1,Weekday
TXN01159,CUST0049,RECV0039,683.98,05-01-2026,00:31:25,ANDROID,SUCCESSFUL,0,Weekday
TXN01160,CUST0143,RECV0012,1934.93,28-02-2026,13:54:10,IOS,SUCCESSFUL,0,Weekend
TXN01161,CUST0031,RECV0018,766.52,01-04-2026,15:38:18,WEB,SUCCESSFUL,0,Weekday
TXN01162,CUST0254,RECV0004,1840.67,25-02-2026,05:21:40,WEB,SUCCESSFUL,0,Weekday
TXN01163,CUST0220,RECV0141,1744.12,06-06-2026,23:23:51,IOS,SUCCESSFUL,0,Weekend
TXN01164,CUST0190,RECV0017,3453.86,25-05-2026,06:20:44,ANDROID,SUCCESSFUL,1,Weekday
TXN01165,CUST0244,RECV0148,911.68,13-03-2026,06:57:08,WEB,SUCCESSFUL,0,Weekday
TXN01166,CUST0118,RECV0064,1481.32,01-06-2026,00:20:32,IOS,SUCCESSFUL,0,Weekday
TXN01167,CUST0076,RECV0013,1683.58,09-06-2026,23:17:04,WEB,SUCCESSFUL,0,Weekday
TXN01168,CUST0142,RECV0016,1470.14,06-02-2026,20:00:20,ANDROID,SUCCESSFUL,0,Weekday
TXN01169,CUST0248,RECV0034,1107.94,24-05-2026,10:38:56,IOS,SUCCESSFUL,0,Weekend
TXN01170,CUST0097,RECV0076,76.6,02-06-2026,06:33:51,WEB,SUCCESSFUL,0,Weekday
TXN01171,CUST0193,RECV0003,1642.02,19-04-2026,04:18:01,ANDROID,FAILED,0,Weekend
TXN01172,CUST0216,RECV0038,382.02,21-01-2026,17:10:38,IOS,SUCCESSFUL,0,Weekday
TXN01173,CUST0056,RECV0051,1901.9,12-03-2026,09:10:37,IOS,SUCCESSFUL,0,Weekday
TXN01174,CUST0223,RECV0141,1299.27,15-06-2026,20:18:20,ANDROID,SUCCESSFUL,0,Weekday
TXN01175,CUST0021,RECV0118,1457.02,11-05-2026,02:59:04,IOS,SUCCESSFUL,0,Weekday
TXN01176,CUST0084,RECV0145,5496.35,02-03-2026,02:26:21,IOS,SUCCESSFUL,0,Weekday
TXN01177,CUST0206,RECV0125,3431.14,20-05-2026,22:09:35,IOS,SUCCESSFUL,0,Weekday
TXN01178,CUST0230,RECV0034,7211.99,10-02-2026,17:01:03,WEB,SUCCESSFUL,1,Weekday
TXN01179,CUST0116,RECV0148,3075.36,03-05-2026,04:32:20,ANDROID,SUCCESSFUL,0,Weekend
TXN01180,CUST0203,RECV0075,257.57,05-01-2026,22:44:26,WEB,SUCCESSFUL,0,Weekday
TXN01181,CUST0103,RECV0148,340.4,31-05-2026,11:44:05,ANDROID,SUCCESSFUL,0,Weekend
TXN01182,CUST0085,RECV0013,3846.92,12-04-2026,09:17:35,WEB,SUCCESSFUL,1,Weekend
TXN01183,CUST0082,RECV0066,558.42,21-02-2026,08:25:07,IOS,SUCCESSFUL,0,Weekend
TXN01184,CUST0015,RECV0132,1215.67,25-04-2026,05:07:02,ANDROID,SUCCESSFUL,0,Weekend
TXN01185,CUST0106,RECV0077,952.66,21-02-2026,06:56:37,WEB,SUCCESSFUL,0,Weekend
TXN01186,CUST0238,RECV0059,1484.97,14-01-2026,06:32:01,IOS,SUCCESSFUL,0,Weekday
TXN01187,CUST0093,RECV0118,2522.97,27-03-2026,14:25:38,IOS,SUCCESSFUL,0,Weekday
TXN01188,CUST0246,RECV0064,3964.97,24-05-2026,00:39:03,ANDROID,SUCCESSFUL,1,Weekend
TXN01189,CUST0001,RECV0146,1375.78,19-03-2026,01:23:13,ANDROID,SUCCESSFUL,0,Weekday
TXN01190,CUST0191,RECV0026,9611.42,20-01-2026,09:09:16,ANDROID,SUCCESSFUL,1,Weekday
TXN01191,CUST0062,RECV0008,1064.54,12-06-2026,05:00:07,IOS,SUCCESSFUL,0,Weekday
TXN01192,CUST0234,RECV0070,4136.46,29-05-2026,18:30:04,WEB,SUCCESSFUL,0,Weekday
TXN01193,CUST0111,RECV0097,456.83,17-01-2026,13:11:00,IOS,SUCCESSFUL,1,Weekend
TXN01194,CUST0033,RECV0123,5618.42,13-03-2026,00:42:17,IOS,SUCCESSFUL,0,Weekday
TXN01195,CUST0121,RECV0001,1963.98,26-06-2026,18:53:54,ANDROID,SUCCESSFUL,0,Weekday
TXN01196,CUST0251,RECV0013,1527.06,01-03-2026,14:52:30,IOS,SUCCESSFUL,1,Weekend
TXN01197,CUST0191,RECV0083,445.27,22-05-2026,13:11:37,IOS,SUCCESSFUL,0,Weekday
TXN01198,CUST0178,RECV0026,1224.24,16-03-2026,21:34:26,IOS,SUCCESSFUL,0,Weekday
TXN01199,CUST0045,RECV0141,439.46,04-06-2026,20:29:28,IOS,SUCCESSFUL,0,Weekday
TXN01200,CUST0085,RECV0026,824.11,11-01-2026,23:10:54,WEB,SUCCESSFUL,1,Weekend
TXN01201,CUST0106,RECV0108,1779.15,27-06-2026,17:02:33,WEB,SUCCESSFUL,0,Weekend
TXN01202,CUST0131,RECV0043,1382.75,21-05-2026,22:50:21,WEB,SUCCESSFUL,0,Weekday
TXN01203,CUST0192,RECV0134,2046.12,21-05-2026,07:36:22,IOS,SUCCESSFUL,0,Weekday
TXN01204,CUST0055,RECV0117,4826.56,27-02-2026,06:45:00,WEB,SUCCESSFUL,0,Weekday
TXN01205,CUST0056,RECV0087,1417.72,07-05-2026,07:48:25,IOS,SUCCESSFUL,0,Weekday
TXN01206,CUST0050,RECV0073,1615.5,18-02-2026,05:52:49,ANDROID,SUCCESSFUL,0,Weekday
TXN01207,CUST0130,RECV0109,219.02,26-04-2026,12:00:44,WEB,SUCCESSFUL,0,Weekend
TXN01208,CUST0199,RECV0125,2326.2,06-04-2026,20:39:37,IOS,FAILED,0,Weekday
TXN01209,CUST0017,RECV0073,2371.82,08-05-2026,17:49:06,IOS,SUCCESSFUL,1,Weekday
TXN01210,CUST0180,RECV0007,6818.69,25-06-2026,02:30:16,IOS,SUCCESSFUL,0,Weekday
TXN01211,CUST0126,RECV0117,3168.66,11-06-2026,07:38:30,IOS,FAILED,0,Weekday
TXN01212,CUST0232,RECV0025,2425.17,25-02-2026,00:59:32,WEB,SUCCESSFUL,1,Weekday
TXN01213,CUST0093,RECV0012,286.7,29-04-2026,20:46:03,WEB,SUCCESSFUL,0,Weekday
TXN01214,CUST0252,RECV0076,3581.51,14-02-2026,09:38:21,ANDROID,SUCCESSFUL,0,Weekend
TXN01215,CUST0080,RECV0088,6698.76,20-01-2026,20:57:11,WEB,SUCCESSFUL,1,Weekday
TXN01216,CUST0155,RECV0026,417.3,16-02-2026,07:45:28,IOS,SUCCESSFUL,0,Weekday
TXN01217,CUST0052,RECV0118,679.91,12-02-2026,18:01:28,WEB,SUCCESSFUL,0,Weekday
TXN01218,CUST0217,RECV0034,418.73,18-01-2026,11:30:25,WEB,SUCCESSFUL,0,Weekend
TXN01219,CUST0071,RECV0087,4546.44,31-01-2026,06:28:42,WEB,SUCCESSFUL,0,Weekend
TXN01220,CUST0135,RECV0026,1044.61,03-05-2026,03:35:02,IOS,SUCCESSFUL,0,Weekend
TXN01221,CUST0154,RECV0101,346.53,04-02-2026,03:33:42,ANDROID,SUCCESSFUL,1,Weekday
TXN01222,CUST0005,RECV0036,3094.62,19-03-2026,15:51:13,ANDROID,SUCCESSFUL,0,Weekday
TXN01223,CUST0245,RECV0141,891.72,03-05-2026,20:34:54,WEB,SUCCESSFUL,0,Weekend
TXN01224,CUST0066,RECV0087,1395.68,11-05-2026,18:10:15,ANDROID,SUCCESSFUL,0,Weekday
TXN01225,CUST0201,RECV0058,54.66,26-04-2026,15:39:50,ANDROID,SUCCESSFUL,0,Weekend
TXN01226,CUST0081,RECV0074,1878.93,03-03-2026,13:38:01,ANDROID,SUCCESSFUL,0,Weekday
TXN01227,CUST0044,RECV0011,1353.14,07-02-2026,08:29:41,IOS,SUCCESSFUL,0,Weekend
TXN01228,CUST0156,RECV0079,1670.48,18-05-2026,16:31:24,IOS,SUCCESSFUL,0,Weekday
TXN01229,CUST0071,RECV0118,2891.55,01-05-2026,17:33:39,IOS,SUCCESSFUL,0,Weekday
TXN01230,CUST0138,RECV0132,1922.31,11-03-2026,07:36:12,IOS,SUCCESSFUL,0,Weekday
TXN01231,CUST0099,RECV0106,395.78,27-03-2026,13:42:42,WEB,SUCCESSFUL,0,Weekday
TXN01232,CUST0072,RECV0026,855.49,26-06-2026,17:35:20,WEB,SUCCESSFUL,0,Weekday
TXN01233,CUST0089,RECV0075,4303.94,31-01-2026,19:50:40,ANDROID,SUCCESSFUL,0,Weekend
TXN01234,CUST0255,RECV0088,2694.98,06-04-2026,14:34:21,WEB,SUCCESSFUL,0,Weekday
TXN01235,CUST0037,RECV0125,1514.06,06-03-2026,00:04:12,IOS,SUCCESSFUL,0,Weekday
TXN01236,CUST0254,RECV0141,581.43,27-04-2026,16:36:26,IOS,SUCCESSFUL,0,Weekday
TXN01237,CUST0219,RECV0028,697.32,10-06-2026,10:07:08,IOS,SUCCESSFUL,0,Weekday
TXN01238,CUST0028,RECV0072,6220.22,11-01-2026,03:59:47,ANDROID,SUCCESSFUL,1,Weekend
TXN01239,CUST0021,RECV0003,3478.96,19-06-2026,23:17:18,WEB,SUCCESSFUL,0,Weekday
TXN01240,CUST0113,RECV0069,2053.38,08-06-2026,07:09:01,IOS,SUCCESSFUL,0,Weekday
TXN01241,CUST0113,RECV0099,3034.87,13-02-2026,00:10:05,WEB,SUCCESSFUL,0,Weekday
TXN01242,CUST0139,RECV0148,2669.44,05-05-2026,07:29:39,ANDROID,SUCCESSFUL,0,Weekday
TXN01243,CUST0113,RECV0148,341.91,13-03-2026,18:55:38,IOS,SUCCESSFUL,0,Weekday
TXN01244,CUST0110,RECV0087,1042.79,01-03-2026,14:09:47,IOS,SUCCESSFUL,0,Weekend
TXN01245,CUST0195,RECV0070,348.86,06-01-2026,15:27:50,WEB,SUCCESSFUL,0,Weekday
TXN01246,CUST0165,RECV0100,532.74,06-01-2026,06:23:09,WEB,SUCCESSFUL,0,Weekday
TXN01247,CUST0194,RECV0054,3712.18,13-02-2026,12:17:15,IOS,SUCCESSFUL,0,Weekday
TXN01248,CUST0195,RECV0007,1202.63,03-06-2026,07:41:44,WEB,SUCCESSFUL,0,Weekday
TXN01249,CUST0012,RECV0093,1429.68,10-04-2026,13:46:28,IOS,SUCCESSFUL,0,Weekday
TXN01250,CUST0224,RECV0034,1410.96,07-03-2026,05:10:14,IOS,SUCCESSFUL,1,Weekend
TXN01251,CUST0101,RECV0094,1416.69,10-01-2026,05:05:39,WEB,SUCCESSFUL,1,Weekend
TXN01252,CUST0129,RECV0066,521.03,21-01-2026,04:54:27,IOS,SUCCESSFUL,0,Weekday
TXN01253,CUST0118,RECV0013,1510.33,15-04-2026,01:36:41,WEB,SUCCESSFUL,1,Weekday
TXN01254,CUST0091,RECV0109,1878.8,15-03-2026,00:51:12,ANDROID,SUCCESSFUL,0,Weekend
TXN01255,CUST0035,RECV0141,584.43,26-01-2026,17:48:23,IOS,SUCCESSFUL,0,Weekday
TXN01256,CUST0096,RECV0084,1849.49,04-03-2026,16:52:01,IOS,SUCCESSFUL,0,Weekday
TXN01257,CUST0202,RECV0088,279.55,04-02-2026,11:36:50,WEB,SUCCESSFUL,1,Weekday
TXN01258,CUST0233,RECV0064,325.2,14-02-2026,01:04:24,WEB,SUCCESSFUL,0,Weekend
TXN01259,CUST0236,RECV0102,627.71,16-05-2026,12:56:33,WEB,SUCCESSFUL,0,Weekend
TXN01260,CUST0182,RECV0104,1686.08,05-06-2026,13:10:32,WEB,SUCCESSFUL,0,Weekday
TXN01261,CUST0019,RECV0145,2077.74,22-02-2026,19:57:26,ANDROID,SUCCESSFUL,0,Weekend
TXN01262,CUST0192,RECV0148,1102.43,07-01-2026,13:49:40,ANDROID,SUCCESSFUL,0,Weekday
TXN01263,CUST0072,RECV0102,1112.38,16-06-2026,07:57:28,ANDROID,SUCCESSFUL,0,Weekday
TXN01264,CUST0239,RECV0053,2370.61,30-04-2026,01:15:09,IOS,SUCCESSFUL,0,Weekday
TXN01265,CUST0152,RECV0088,78.71,06-04-2026,13:04:38,WEB,SUCCESSFUL,0,Weekday
TXN01266,CUST0139,RECV0148,3123.75,16-01-2026,00:28:25,IOS,SUCCESSFUL,0,Weekday
TXN01267,CUST0236,RECV0073,1713.87,30-03-2026,18:07:56,WEB,SUCCESSFUL,0,Weekday
TXN01268,CUST0222,RECV0013,790.38,12-05-2026,16:04:09,WEB,SUCCESSFUL,0,Weekday
TXN01269,CUST0170,RECV0069,4296.95,19-06-2026,02:39:24,ANDROID,SUCCESSFUL,0,Weekday
TXN01270,CUST0022,RECV0141,2716.06,12-01-2026,06:26:51,WEB,SUCCESSFUL,0,Weekday
TXN01271,CUST0219,RECV0054,985.91,21-05-2026,08:46:30,ANDROID,SUCCESSFUL,1,Weekday
TXN01272,CUST0240,RECV0127,1915.62,12-02-2026,14:51:57,WEB,SUCCESSFUL,0,Weekday
TXN01273,CUST0191,RECV0067,1680.3,01-05-2026,23:21:40,WEB,SUCCESSFUL,0,Weekday
TXN01274,CUST0080,RECV0134,973.05,20-06-2026,07:14:52,WEB,FAILED,0,Weekend
TXN01275,CUST0140,RECV0077,872.99,26-03-2026,12:03:37,WEB,SUCCESSFUL,0,Weekday
TXN01276,CUST0055,RECV0057,807.66,07-02-2026,14:57:09,ANDROID,SUCCESSFUL,0,Weekend
TXN01277,CUST0259,RECV0103,1778.23,03-04-2026,09:05:15,IOS,SUCCESSFUL,0,Weekday
TXN01278,CUST0034,RECV0015,1101.44,22-03-2026,04:26:30,IOS,SUCCESSFUL,0,Weekend
TXN01279,CUST0190,RECV0088,3259.36,31-01-2026,12:37:13,IOS,SUCCESSFUL,0,Weekend
TXN01280,CUST0147,RECV0043,2043.43,04-03-2026,10:37:24,WEB,SUCCESSFUL,0,Weekday
TXN01281,CUST0043,RECV0003,180.49,22-01-2026,15:57:05,IOS,SUCCESSFUL,0,Weekday
TXN01282,CUST0078,RECV0141,3936.18,14-01-2026,21:43:58,IOS,SUCCESSFUL,1,Weekday
TXN01283,CUST0045,RECV0034,619.31,11-01-2026,18:05:02,ANDROID,SUCCESSFUL,0,Weekend
TXN01284,CUST0088,RECV0126,1667.26,11-04-2026,09:39:53,WEB,SUCCESSFUL,0,Weekend
TXN01285,CUST0146,RECV0012,2101.72,05-02-2026,20:49:44,ANDROID,SUCCESSFUL,0,Weekday
TXN01286,CUST0115,RECV0125,522.4,26-06-2026,05:44:30,WEB,SUCCESSFUL,0,Weekday
TXN01287,CUST0157,RECV0103,1148.69,17-03-2026,09:42:20,ANDROID,SUCCESSFUL,0,Weekday
TXN01288,CUST0077,RECV0073,430.02,09-02-2026,04:06:28,ANDROID,SUCCESSFUL,0,Weekday
TXN01289,CUST0038,RECV0082,146.76,14-03-2026,15:27:26,WEB,SUCCESSFUL,0,Weekend
TXN01290,CUST0155,RECV0009,906.05,23-02-2026,06:22:04,IOS,FAILED,0,Weekday
TXN01291,CUST0200,RECV0119,861.62,17-02-2026,22:55:20,IOS,SUCCESSFUL,0,Weekday
TXN01292,CUST0217,RECV0012,9768.83,18-06-2026,00:55:50,ANDROID,SUCCESSFUL,0,Weekday
TXN01293,CUST0213,RECV0086,1114.21,24-01-2026,07:32:38,ANDROID,SUCCESSFUL,0,Weekend
TXN01294,CUST0104,RECV0003,780.48,16-02-2026,10:51:39,WEB,SUCCESSFUL,0,Weekday
TXN01295,CUST0054,RECV0129,1613.54,04-05-2026,10:43:42,ANDROID,SUCCESSFUL,0,Weekday
TXN01296,CUST0259,RECV0136,217.32,12-03-2026,19:12:27,WEB,SUCCESSFUL,0,Weekday
TXN01297,CUST0021,RECV0141,5920.54,27-04-2026,01:18:21,IOS,FAILED,0,Weekday
TXN01298,CUST0033,RECV0107,1863.95,02-05-2026,18:14:59,WEB,SUCCESSFUL,0,Weekend
TXN01299,CUST0115,RECV0026,2580.5,26-04-2026,21:57:37,ANDROID,SUCCESSFUL,0,Weekend
TXN01300,CUST0003,RECV0148,386.43,16-05-2026,07:25:00,IOS,SUCCESSFUL,0,Weekend
TXN01301,CUST0141,RECV0140,998.15,18-05-2026,16:55:46,ANDROID,SUCCESSFUL,0,Weekday
TXN01302,CUST0157,RECV0128,1038.87,03-06-2026,17:42:35,ANDROID,SUCCESSFUL,0,Weekday
TXN01303,CUST0121,RECV0085,3154.79,10-04-2026,06:00:43,WEB,SUCCESSFUL,0,Weekday
TXN01304,CUST0126,RECV0141,52.23,03-05-2026,08:10:42,WEB,SUCCESSFUL,0,Weekend
TXN01305,CUST0213,RECV0053,694.21,11-02-2026,03:48:59,IOS,SUCCESSFUL,0,Weekday
TXN01306,CUST0036,RECV0032,7206.5,20-01-2026,07:04:49,ANDROID,SUCCESSFUL,0,Weekday
TXN01307,CUST0092,RECV0087,3667.05,30-01-2026,14:32:07,WEB,SUCCESSFUL,1,Weekday
TXN01308,CUST0143,RECV0024,917.81,22-01-2026,06:34:16,IOS,SUCCESSFUL,0,Weekday
TXN01309,CUST0045,RECV0145,875.74,17-01-2026,06:30:59,WEB,SUCCESSFUL,1,Weekend
TXN01310,CUST0016,RECV0111,6630.82,29-03-2026,12:13:10,WEB,SUCCESSFUL,0,Weekend
TXN01311,CUST0248,RECV0018,86.41,31-05-2026,07:53:42,WEB,SUCCESSFUL,0,Weekend
TXN01312,CUST0235,RECV0145,2455.32,10-04-2026,01:28:12,ANDROID,FAILED,0,Weekday
TXN01313,CUST0009,RECV0087,2684.49,20-06-2026,10:55:29,ANDROID,SUCCESSFUL,0,Weekend
TXN01314,CUST0060,RECV0088,552.67,01-06-2026,23:48:21,WEB,SUCCESSFUL,0,Weekday
TXN01315,CUST0163,RECV0125,2054.11,04-03-2026,01:19:42,ANDROID,SUCCESSFUL,0,Weekday
TXN01316,CUST0133,RECV0072,225.56,08-04-2026,02:33:23,IOS,SUCCESSFUL,0,Weekday
TXN01317,CUST0154,RECV0034,584.82,15-04-2026,02:55:08,WEB,SUCCESSFUL,0,Weekday
TXN01318,CUST0052,RECV0034,2841.27,03-04-2026,03:11:36,IOS,SUCCESSFUL,0,Weekday
